customerID,gender,SeniorCitizen,Partner,Dependents,tenure,PhoneService,MultipleLines,InternetService,OnlineSecurity,OnlineBackup,DeviceProtection,TechSupport,StreamingTV,StreamingMovies,Contract,PaperlessBilling,PaymentMethod,MonthlyCharges,TotalCharges,Churn
7590-VHVEG,0,0,1,0,1,0,0,DSL,0,1,0,0,0,0,Month-to-month,1,Electronic check,29.85,29.85,0
5575-GNVDE,1,0,0,0,34,1,0,DSL,1,0,1,0,0,0,One year,0,Mailed check,56.95,1889.5,0
3668-QPYBK,1,0,0,0,2,1,0,DSL,1,1,0,0,0,0,Month-to-month,1,Mailed check,53.85,108.15,1
7795-CFOCW,1,0,0,0,45,0,0,DSL,1,0,1,1,0,0,One year,0,Bank transfer (automatic),42.3,1840.75,0
9237-HQITU,0,0,0,0,2,1,0,Fiber optic,0,0,0,0,0,0,Month-to-month,1,Electronic check,70.7,151.65,1
9305-CDSKC,0,0,0,0,8,1,1,Fiber optic,0,0,1,0,1,1,Month-to-month,1,Electronic check,99.65,820.5,1
1452-KIOVK,1,0,0,1,22,1,1,Fiber optic,0,1,0,0,1,0,Month-to-month,1,Credit card (automatic),89.1,1949.4,0
6713-OKOMC,0,0,0,0,10,0,0,DSL,1,0,0,0,0,0,Month-to-month,0,Mailed check,29.75,301.9,0
7892-POOKP,0,0,1,0,28,1,1,Fiber optic,0,0,1,1,1,1,Month-to-month,1,Electronic check,104.8,3046.05,1
6388-TABGU,1,0,0,1,62,1,0,DSL,1,1,0,0,0,0,One year,0,Bank transfer (automatic),56.15,3487.95,0
9763-GRSKD,1,0,1,1,13,1,0,DSL,1,0,0,0,0,0,Month-to-month,1,Mailed check,49.95,587.45,0
7469-LKBCI,1,0,0,0,16,1,0,No,0,0,0,0,0,0,Two year,0,Credit card (automatic),18.95,326.8,0
8091-TTVAX,1,0,1,0,58,1,1,Fiber optic,0,0,1,0,1,1,One year,0,Credit card (automatic),100.35,5681.1,0
0280-XJGEX,1,0,0,0,49,1,1,Fiber optic,0,1,1,0,1,1,Month-to-month,1,Bank transfer (automatic),103.7,5036.3,1
5129-JLPIS,1,0,0,0,25,1,0,Fiber optic,1,0,1,1,1,1,Month-to-month,1,Electronic check,105.5,2686.05,0
3655-SNQYZ,0,0,1,1,69,1,1,Fiber optic,1,1,1,1,1,1,Two year,0,Credit card (automatic),113.25,7895.15,0
8191-XWSZG,0,0,0,0,52,1,0,No,0,0,0,0,0,0,One year,0,Mailed check,20.65,1022.95,0
9959-WOFKT,1,0,0,1,71,1,1,Fiber optic,1,0,1,0,1,1,Two year,0,Bank transfer (automatic),106.7,7382.25,0
4190-MFLUW,0,0,1,1,10,1,0,DSL,0,0,1,1,0,0,Month-to-month,0,Credit card (automatic),55.2,528.35,1
4183-MYFRB,0,0,0,0,21,1,0,Fiber optic,0,1,1,0,0,1,Month-to-month,1,Electronic check,90.05,1862.9,0
8779-QRDMV,1,1,0,0,1,0,0,DSL,0,0,1,0,0,1,Month-to-month,1,Electronic check,39.65,39.65,1
1680-VDCWW,1,0,1,0,12,1,0,No,0,0,0,0,0,0,One year,0,Bank transfer (automatic),19.8,202.25,0
1066-JKSGK,1,0,0,0,1,1,0,No,0,0,0,0,0,0,Month-to-month,0,Mailed check,20.15,20.15,1
3638-WEABW,0,0,1,0,58,1,1,DSL,0,1,0,1,0,0,Two year,1,Credit card (automatic),59.9,3505.1,0
6322-HRPFA,1,0,1,1,49,1,0,DSL,1,1,0,1,0,0,Month-to-month,0,Credit card (automatic),59.6,2970.3,0
6865-JZNKO,0,0,0,0,30,1,0,DSL,1,1,0,0,0,0,Month-to-month,1,Bank transfer (automatic),55.3,1530.6,0
6467-CHFZW,1,0,1,1,47,1,1,Fiber optic,0,1,0,0,1,1,Month-to-month,1,Electronic check,99.35,4749.15,1
8665-UTDHZ,1,0,1,1,1,0,0,DSL,0,1,0,0,0,0,Month-to-month,0,Electronic check,30.2,30.2,1
5248-YGIJN,1,0,1,0,72,1,1,DSL,1,1,1,1,1,1,Two year,1,Credit card (automatic),90.25,6369.45,0
8773-HHUOZ,0,0,0,1,17,1,0,DSL,0,0,0,0,1,1,Month-to-month,1,Mailed check,64.7,1093.1,1
3841-NFECX,0,1,1,0,71,1,1,Fiber optic,1,1,1,1,0,0,Two year,1,Credit card (automatic),96.35,6766.95,0
4929-XIHVW,1,1,1,0,2,1,0,Fiber optic,0,0,1,0,1,1,Month-to-month,1,Credit card (automatic),95.5,181.65,0
6827-IEAUQ,0,0,1,1,27,1,0,DSL,1,1,1,1,0,0,One year,0,Mailed check,66.15,1874.45,0
7310-EGVHZ,1,0,0,0,1,1,0,No,0,0,0,0,0,0,Month-to-month,0,Bank transfer (automatic),20.2,20.2,0
3413-BMNZE,1,1,0,0,1,1,0,DSL,0,0,0,0,0,0,Month-to-month,0,Bank transfer (automatic),45.25,45.25,0
6234-RAAPL,0,0,1,1,72,1,1,Fiber optic,1,1,0,1,1,0,Two year,0,Bank transfer (automatic),99.9,7251.7,0
6047-YHPVI,1,0,0,0,5,1,0,Fiber optic,0,0,0,0,0,0,Month-to-month,1,Electronic check,69.7,316.9,1
6572-ADKRS,0,0,0,0,46,1,0,Fiber optic,0,0,1,0,0,0,Month-to-month,1,Credit card (automatic),74.8,3548.3,0
5380-WJKOV,1,0,0,0,34,1,1,Fiber optic,0,1,1,0,1,1,Month-to-month,1,Electronic check,106.35,3549.25,1
8168-UQWWF,0,0,0,0,11,1,1,Fiber optic,0,0,1,0,1,1,Month-to-month,1,Bank transfer (automatic),97.85,1105.4,1
8865-TNMNX,1,0,1,1,10,1,0,DSL,0,1,0,0,0,0,One year,0,Mailed check,49.55,475.7,0
9489-DEDVP,0,0,1,1,70,1,1,DSL,1,1,0,0,1,0,Two year,1,Credit card (automatic),69.2,4872.35,0
9867-JCZSP,0,0,1,1,17,1,0,No,0,0,0,0,0,0,One year,0,Mailed check,20.75,418.25,0
4671-VJLCL,0,0,0,0,63,1,1,DSL,1,1,1,1,1,0,Two year,1,Credit card (automatic),79.85,4861.45,0
4080-IIARD,0,0,1,0,13,1,1,DSL,1,1,0,1,1,0,Month-to-month,1,Electronic check,76.2,981.45,0
3714-NTNFO,0,0,0,0,49,1,1,Fiber optic,0,0,0,0,0,1,Month-to-month,1,Electronic check,84.5,3906.7,0
5948-UJZLF,1,0,0,0,2,1,0,DSL,0,1,0,0,0,0,Month-to-month,0,Mailed check,49.25,97,0
7760-OYPDY,0,0,0,0,2,1,0,Fiber optic,0,0,0,0,1,0,Month-to-month,1,Electronic check,80.65,144.15,1
7639-LIAYI,1,0,0,0,52,1,1,DSL,1,0,0,1,1,1,Two year,1,Credit card (automatic),79.75,4217.8,0
2954-PIBKO,0,0,1,1,69,1,1,DSL,1,0,1,1,0,0,Two year,1,Credit card (automatic),64.15,4254.1,0
8012-SOUDQ,0,1,0,0,43,1,1,Fiber optic,0,1,0,0,1,0,Month-to-month,1,Electronic check,90.25,3838.75,0
9420-LOJKX,0,0,0,0,15,1,0,Fiber optic,1,1,0,0,1,1,Month-to-month,1,Credit card (automatic),99.1,1426.4,1
6575-SUVOI,0,1,1,0,25,1,1,DSL,1,0,0,1,1,0,Month-to-month,1,Credit card (automatic),69.5,1752.65,0
7495-OOKFY,0,1,1,0,8,1,1,Fiber optic,0,1,0,0,0,0,Month-to-month,1,Credit card (automatic),80.65,633.3,1
4667-QONEA,0,1,1,1,60,1,0,DSL,1,1,1,1,0,1,One year,1,Credit card (automatic),74.85,4456.35,0
1658-BYGOY,1,1,0,0,18,1,1,Fiber optic,0,0,0,0,1,1,Month-to-month,1,Electronic check,95.45,1752.55,1
8769-KKTPH,0,0,1,1,63,1,1,Fiber optic,1,0,0,0,1,1,One year,1,Credit card (automatic),99.65,6311.2,0
5067-XJQFU,1,1,1,1,66,1,1,Fiber optic,0,1,1,1,1,1,One year,1,Electronic check,108.45,7076.35,0
3957-SQXML,0,0,1,1,34,1,1,No,0,0,0,0,0,0,Two year,0,Credit card (automatic),24.95,894.3,0
5954-BDFSG,0,0,0,0,72,1,1,Fiber optic,0,0,1,1,1,1,Two year,1,Credit card (automatic),107.5,7853.7,0
0434-CSFON,0,0,1,0,47,1,1,Fiber optic,0,0,1,0,1,1,Month-to-month,1,Electronic check,100.5,4707.1,0
1215-FIGMP,1,0,0,0,60,1,1,Fiber optic,0,1,0,0,1,0,Month-to-month,1,Bank transfer (automatic),89.9,5450.7,0
0526-SXDJP,1,0,1,0,72,0,0,DSL,1,1,1,0,0,0,Two year,0,Bank transfer (automatic),42.1,2962,0
0557-ASKVU,0,0,1,1,18,1,0,DSL,0,0,1,1,0,0,One year,1,Credit card (automatic),54.4,957.1,0
5698-BQJOH,0,0,0,0,9,1,1,Fiber optic,0,0,0,0,1,1,Month-to-month,0,Electronic check,94.4,857.25,1
5122-CYFXA,0,0,0,0,3,1,0,DSL,0,1,0,1,1,1,Month-to-month,1,Electronic check,75.3,244.1,0
8627-ZYGSZ,1,0,1,0,47,1,1,Fiber optic,0,1,0,0,0,0,One year,1,Electronic check,78.9,3650.35,0
3410-YOQBQ,0,0,0,0,31,1,0,DSL,0,1,1,1,1,1,Two year,0,Mailed check,79.2,2497.2,0
3170-NMYVV,0,0,1,1,50,1,0,No,0,0,0,0,0,0,Two year,0,Bank transfer (automatic),20.15,930.9,0
7410-OIEDU,1,0,0,0,10,1,0,Fiber optic,1,0,1,0,0,0,Month-to-month,1,Mailed check,79.85,887.35,0
2273-QCKXA,1,0,0,0,1,1,0,DSL,0,0,0,1,0,0,Month-to-month,0,Mailed check,49.05,49.05,0
0731-EBJQB,0,0,1,1,52,1,0,No,0,0,0,0,0,0,One year,1,Electronic check,20.4,1090.65,0
1891-QRQSA,1,1,1,1,64,1,1,Fiber optic,1,0,1,1,1,1,Two year,1,Bank transfer (automatic),111.6,7099,0
8028-PNXHQ,1,0,1,1,62,1,1,No,0,0,0,0,0,0,Two year,1,Bank transfer (automatic),24.25,1424.6,0
5630-AHZIL,0,0,0,1,3,1,0,DSL,1,0,0,1,0,1,Month-to-month,1,Bank transfer (automatic),64.5,177.4,0
2673-CXQEU,0,1,0,0,56,1,1,Fiber optic,1,1,1,0,1,1,One year,0,Electronic check,110.5,6139.5,0
6416-JNVRK,0,0,0,0,46,1,0,DSL,0,0,0,0,0,1,One year,0,Credit card (automatic),55.65,2688.85,0
5590-ZSKRV,0,0,1,1,8,1,0,DSL,1,1,0,0,0,0,Month-to-month,0,Mailed check,54.65,482.25,0
0191-ZHSKZ,1,1,0,0,30,1,0,DSL,1,1,0,0,1,1,Month-to-month,1,Electronic check,74.75,2111.3,0
3887-PBQAO,0,0,1,1,45,1,1,No,0,0,0,0,0,0,One year,1,Credit card (automatic),25.9,1216.6,0
5919-TMRGD,0,0,0,1,1,1,0,Fiber optic,0,0,0,0,1,0,Month-to-month,1,Electronic check,79.35,79.35,1
8108-UXRQN,0,0,1,1,11,0,0,DSL,1,0,0,0,1,1,Month-to-month,0,Electronic check,50.55,565.35,0
9191-MYQKX,0,0,1,0,7,1,0,Fiber optic,0,0,1,0,0,0,Month-to-month,1,Bank transfer (automatic),75.15,496.9,1
9919-YLNNG,0,0,0,0,42,1,0,Fiber optic,0,1,1,1,1,1,Month-to-month,1,Bank transfer (automatic),103.8,4327.5,0
0318-ZOPWS,0,0,1,0,49,1,0,No,0,0,0,0,0,0,Two year,1,Bank transfer (automatic),20.15,973.35,0
4445-ZJNMU,1,0,0,0,9,1,1,Fiber optic,0,1,0,0,1,1,Month-to-month,1,Credit card (automatic),99.3,918.75,0
4808-YNLEU,0,0,1,0,35,1,0,DSL,1,0,0,0,1,0,One year,1,Bank transfer (automatic),62.15,2215.45,0
1862-QRWPE,0,0,1,1,48,1,0,No,0,0,0,0,0,0,Two year,0,Bank transfer (automatic),20.65,1057,0
2796-NNUFI,0,0,1,1,46,1,0,No,0,0,0,0,0,0,Two year,1,Mailed check,19.95,927.1,0
3016-KSVCP,1,0,1,0,29,0,0,DSL,0,0,0,0,1,0,Month-to-month,0,Mailed check,33.75,1009.25,0
4767-HZZHQ,1,0,1,1,30,1,0,Fiber optic,0,1,1,0,0,0,Month-to-month,0,Bank transfer (automatic),82.05,2570.2,0
2424-WVHPL,1,1,0,0,1,1,0,Fiber optic,0,0,0,1,0,0,Month-to-month,0,Electronic check,74.7,74.7,0
7233-PAHHL,1,0,1,1,66,1,1,DSL,1,0,1,1,1,1,Two year,1,Mailed check,84,5714.25,0
6067-NGCEU,0,0,0,0,65,1,1,Fiber optic,1,1,1,0,1,1,Month-to-month,1,Credit card (automatic),111.05,7107,0
9848-JQJTX,1,0,0,0,72,1,1,Fiber optic,0,1,1,0,1,1,Two year,1,Bank transfer (automatic),100.9,7459.05,0
8637-XJIVR,0,0,0,0,12,1,1,Fiber optic,1,0,0,0,0,0,Month-to-month,1,Electronic check,78.95,927.35,1
9803-FTJCG,1,0,1,1,71,1,1,DSL,1,1,0,1,0,0,One year,1,Credit card (automatic),66.85,4748.7,0
0278-YXOOG,1,0,0,0,5,1,0,No,0,0,0,0,0,0,Month-to-month,0,Mailed check,21.05,113.85,1
3212-KXOCR,1,0,0,0,52,1,0,No,0,0,0,0,0,0,Two year,0,Bank transfer (automatic),21,1107.2,0
4598-XLKNJ,0,1,1,0,25,1,0,Fiber optic,0,1,1,0,1,1,Month-to-month,1,Electronic check,98.5,2514.5,1
6380-ARCEH,1,0,0,0,1,1,0,No,0,0,0,0,0,0,Month-to-month,0,Mailed check,20.2,20.2,0
3679-XASPY,0,0,1,1,1,1,0,No,0,0,0,0,0,0,Month-to-month,0,Electronic check,19.45,19.45,0
7123-WQUHX,1,0,0,0,38,1,1,Fiber optic,0,0,1,1,1,0,One year,0,Bank transfer (automatic),95,3605.6,0
5386-THSLQ,0,1,1,0,66,0,0,DSL,0,1,1,0,1,0,One year,0,Bank transfer (automatic),45.55,3027.25,0
3192-NQECA,1,0,1,0,68,1,1,Fiber optic,0,1,1,1,1,1,Two year,1,Bank transfer (automatic),110,7611.85,1
6180-YBIQI,1,0,0,0,5,0,0,DSL,0,0,0,0,0,0,Month-to-month,0,Mailed check,24.3,100.2,0
6728-DKUCO,0,0,1,1,72,1,1,Fiber optic,1,1,0,0,1,1,One year,1,Electronic check,104.15,7303.05,0
9750-BOOHV,0,0,0,0,32,0,0,DSL,1,0,0,0,0,0,One year,0,Mailed check,30.15,927.65,0
8597-CWYHH,1,0,0,0,43,1,1,Fiber optic,0,0,0,0,1,1,One year,0,Mailed check,94.35,3921.3,0
2848-YXSMW,1,0,1,1,72,1,0,No,0,0,0,0,0,0,Two year,0,Credit card (automatic),19.4,1363.25,0
0486-HECZI,1,0,1,0,55,1,1,Fiber optic,1,1,0,0,1,0,Month-to-month,1,Electronic check,96.75,5238.9,1
4549-ZDQYY,0,0,0,0,52,1,0,DSL,1,0,1,1,0,0,One year,0,Credit card (automatic),57.95,3042.25,0
5712-AHQNN,0,0,0,0,43,1,0,Fiber optic,0,1,1,0,1,0,Month-to-month,1,Electronic check,91.65,3954.1,0
4846-WHAFZ,0,1,1,0,37,1,1,Fiber optic,0,0,0,0,0,0,Month-to-month,1,Electronic check,76.5,2868.15,1
5256-SKJGO,0,0,1,1,64,0,0,DSL,0,1,0,1,1,1,Two year,1,Electronic check,54.6,3423.5,0
3071-VBYPO,1,0,1,1,3,1,0,Fiber optic,1,1,0,0,1,0,Month-to-month,0,Electronic check,89.85,248.4,0
9560-BBZXK,0,0,0,0,36,0,0,DSL,1,0,0,0,0,0,Two year,0,Bank transfer (automatic),31.05,1126.35,0
5299-RULOA,0,0,1,1,10,1,1,Fiber optic,1,0,0,0,1,1,Month-to-month,1,Electronic check,100.25,1064.65,1
8402-OOOHJ,0,0,0,0,41,1,0,No,0,0,0,0,0,0,Two year,0,Mailed check,20.65,835.15,0
9445-ZUEQE,1,0,1,1,27,1,1,Fiber optic,0,1,0,1,0,0,Month-to-month,1,Credit card (automatic),85.2,2151.6,0
1091-SOZGA,0,0,1,1,56,1,1,Fiber optic,0,0,1,0,1,1,One year,1,Credit card (automatic),99.8,5515.45,0
2928-HLDBA,0,0,0,0,6,1,0,No,0,0,0,0,0,0,Month-to-month,0,Mailed check,20.7,112.75,0
0404-SWRVG,1,0,0,0,3,1,1,Fiber optic,0,0,0,0,0,0,Month-to-month,1,Electronic check,74.4,229.55,1
6497-TILVL,0,0,1,1,7,1,0,DSL,1,0,0,0,0,0,Month-to-month,0,Mailed check,50.7,350.35,0
7219-TLZHO,0,0,1,1,4,1,0,No,0,0,0,0,0,0,Month-to-month,0,Mailed check,20.85,62.9,0
4622-YNKIJ,1,0,0,0,33,1,0,Fiber optic,1,0,0,1,1,0,Two year,1,Electronic check,88.95,3027.65,0
4412-YLTKF,0,1,0,0,27,1,1,Fiber optic,0,0,1,0,0,0,Month-to-month,1,Electronic check,78.05,2135.5,1
6734-PSBAW,1,0,1,0,72,1,1,No,0,0,0,0,0,0,Two year,1,Bank transfer (automatic),23.55,1723.95,0
3930-ZGWVE,1,0,0,0,1,1,0,No,0,0,0,0,0,0,Month-to-month,0,Mailed check,19.75,19.75,0
2639-UGMAZ,1,1,0,0,71,0,0,DSL,1,1,0,0,1,1,One year,1,Electronic check,56.45,3985.35,0
2876-GZYZC,0,0,0,0,13,1,1,Fiber optic,0,0,0,0,0,1,Month-to-month,1,Electronic check,85.95,1215.65,0
6207-WIOLX,0,0,1,1,25,0,0,DSL,1,1,1,0,1,1,Month-to-month,1,Credit card (automatic),58.6,1502.65,1
8587-XYZSF,1,0,0,0,67,1,0,DSL,0,0,0,1,0,0,Two year,0,Bank transfer (automatic),50.55,3260.1,0
3091-FYHKI,1,0,0,0,1,0,0,DSL,0,0,0,0,0,1,Month-to-month,1,Electronic check,35.45,35.45,1
2372-HWUHI,1,0,0,0,2,1,0,DSL,0,0,0,0,0,0,Month-to-month,0,Electronic check,44.35,81.25,1
7799-LGRDP,0,0,0,0,43,1,1,No,0,0,0,0,0,0,Two year,1,Credit card (automatic),25.7,1188.2,0
7850-VWJUU,0,0,0,0,23,1,0,Fiber optic,1,0,0,0,0,0,Month-to-month,1,Bank transfer (automatic),75,1778.5,0
3774-VBNXY,0,0,1,1,64,1,0,No,0,0,0,0,0,0,Two year,0,Mailed check,20.2,1277.75,0
6217-KDYWC,1,0,0,1,57,1,0,No,0,0,0,0,0,0,Two year,1,Mailed check,19.6,1170.55,0
0390-DCFDQ,0,1,1,0,1,1,0,Fiber optic,0,0,0,0,0,0,Month-to-month,1,Mailed check,70.45,70.45,1
3146-MSEGF,0,1,1,1,72,1,1,DSL,1,1,1,1,1,1,Two year,1,Credit card (automatic),88.05,6425.65,0
4080-OGPJL,0,0,0,0,8,1,1,DSL,1,0,0,1,0,1,Month-to-month,0,Electronic check,71.15,563.65,1
1095-WGNGG,0,0,1,0,61,1,1,Fiber optic,0,1,0,0,1,1,Two year,1,Bank transfer (automatic),101.05,5971.25,0
2636-SJDOU,1,0,0,0,64,1,1,Fiber optic,1,1,0,0,0,0,One year,1,Credit card (automatic),84.3,5289.05,0
1131-QQZEB,1,1,1,0,71,1,1,No,0,0,0,0,0,0,Two year,0,Bank transfer (automatic),23.95,1756.2,0
5716-EZXZN,0,0,1,1,65,1,1,Fiber optic,1,1,0,1,1,0,Two year,1,Credit card (automatic),99.05,6416.7,0
6837-BJYDQ,1,0,0,0,3,1,0,No,0,0,0,0,0,0,One year,0,Mailed check,19.6,61.35,0
2135-RXIHG,1,0,0,0,1,1,0,DSL,0,0,0,0,0,0,Month-to-month,1,Electronic check,45.65,45.65,1
6440-DKQGE,1,0,0,1,30,1,0,DSL,0,1,1,0,1,0,One year,0,Credit card (automatic),64.5,1929.95,0
3466-BYAVD,1,0,1,1,15,1,0,DSL,0,1,1,1,0,1,Month-to-month,1,Mailed check,69.5,1071.4,0
3780-YVMFA,0,0,1,1,8,1,0,DSL,0,0,0,1,1,1,Month-to-month,1,Electronic check,68.55,564.35,0
3874-EQOEP,1,0,0,0,7,1,1,Fiber optic,0,0,0,0,1,1,Month-to-month,0,Mailed check,95,655.5,1
1679-JRFBR,0,0,1,1,70,1,1,Fiber optic,1,1,1,0,1,1,One year,1,Credit card (automatic),108.15,7930.55,0
9073-ZZIAY,1,0,1,1,62,1,0,DSL,1,1,1,1,1,1,Two year,0,Electronic check,86.1,5215.25,0
3077-RSNTJ,0,0,1,1,6,1,0,No,0,0,0,0,0,0,Month-to-month,0,Mailed check,19.7,113.5,0
6551-GNYDG,0,0,1,1,14,1,0,Fiber optic,0,0,0,0,0,1,Month-to-month,1,Bank transfer (automatic),80.9,1152.8,0
9167-APMXZ,0,0,0,0,22,1,1,Fiber optic,0,0,0,0,1,0,Month-to-month,1,Bank transfer (automatic),84.15,1821.95,0
2749-CTKAJ,1,0,1,1,22,1,0,No,0,0,0,0,0,0,One year,0,Mailed check,20.15,419.9,0
6371-NZYEG,1,0,1,1,16,1,0,DSL,1,0,1,0,1,0,Two year,0,Mailed check,64.25,1024,0
7554-NEWDD,1,0,0,0,10,1,1,No,0,0,0,0,0,0,Two year,0,Bank transfer (automatic),25.7,251.6,0
8992-VONJD,0,0,0,1,13,1,0,DSL,1,1,0,0,0,0,Month-to-month,1,Electronic check,56,764.55,0
0867-MKZVY,0,0,1,0,20,1,1,Fiber optic,1,0,0,0,0,0,Month-to-month,0,Electronic check,82.4,1592.35,1
4482-EWFMI,0,0,0,0,2,1,0,Fiber optic,0,0,0,0,0,0,Month-to-month,1,Electronic check,69.7,135.2,0
4648-YPBTM,1,0,0,0,53,1,1,DSL,0,1,1,1,0,1,Two year,1,Bank transfer (automatic),73.9,3958.25,0
2907-ILJBN,0,0,1,1,11,1,0,No,0,0,0,0,0,0,One year,0,Mailed check,20.6,233.9,0
6345-FZOQH,1,0,1,0,69,1,0,No,0,0,0,0,0,0,Two year,0,Mailed check,19.9,1363.45,0
3376-BMGFE,0,0,0,0,4,1,0,Fiber optic,0,0,0,0,0,0,Month-to-month,1,Bank transfer (automatic),70.9,273,1
5997-OPVFA,1,0,1,0,72,1,1,DSL,1,1,1,1,1,1,Two year,1,Bank transfer (automatic),89.05,6254.45,0
3445-HXXGF,1,1,1,0,58,0,0,DSL,0,1,1,0,0,1,Month-to-month,1,Electronic check,45.3,2651.2,1
1159-WFSGR,0,0,1,1,16,1,0,No,0,0,0,0,0,0,Month-to-month,0,Electronic check,20.4,321.4,0
7654-YWJUF,1,0,1,0,43,1,0,Fiber optic,1,0,1,1,0,0,One year,1,Bank transfer (automatic),84.25,3539.25,0
1875-QIVME,0,0,1,0,2,1,1,Fiber optic,0,0,1,1,1,1,Month-to-month,1,Electronic check,104.4,242.8,1
6727-IOTLZ,1,0,1,0,14,1,0,DSL,0,1,1,1,1,1,Two year,0,Mailed check,81.95,1181.75,0
0691-JVSYA,0,0,1,0,53,1,0,Fiber optic,0,0,1,0,1,1,One year,1,Bank transfer (automatic),94.85,5000.2,1
5918-VUKWP,0,0,0,0,32,1,0,No,0,0,0,0,0,0,One year,0,Bank transfer (automatic),20.55,654.55,0
1744-JHKYS,0,0,1,0,34,1,1,No,0,0,0,0,0,0,Month-to-month,0,Electronic check,24.7,780.2,0
2656-FMOKZ,0,1,0,0,15,1,1,Fiber optic,0,0,0,0,0,0,Month-to-month,1,Mailed check,74.45,1145.7,1
2070-FNEXE,0,1,0,0,7,1,0,Fiber optic,1,0,0,0,0,0,Month-to-month,0,Bank transfer (automatic),76.45,503.6,1
5947-SGKCL,0,0,1,1,15,1,1,Fiber optic,0,1,1,0,1,1,Month-to-month,1,Bank transfer (automatic),105.35,1559.25,0
3712-PKXZA,1,0,1,0,61,1,0,No,0,0,0,0,0,0,One year,1,Credit card (automatic),20.55,1252,0
6317-YPKDH,0,0,0,0,1,0,0,DSL,0,1,0,0,0,0,Month-to-month,0,Bank transfer (automatic),29.95,29.95,1
6582-OIVSP,0,0,0,0,1,1,0,DSL,0,0,0,0,0,0,Month-to-month,0,Mailed check,45.3,45.3,0
9367-WXLCH,1,0,0,0,8,1,1,Fiber optic,0,0,0,0,0,1,Month-to-month,0,Bank transfer (automatic),84.5,662.65,1
5524-KHNJP,1,0,1,1,33,1,0,DSL,1,0,1,0,1,1,One year,0,Credit card (automatic),74.75,2453.3,0
1918-ZBFQJ,0,0,0,0,13,1,0,Fiber optic,0,1,1,0,0,0,Month-to-month,1,Electronic check,79.25,1111.65,1
1024-GUALD,0,0,1,0,1,0,0,DSL,0,0,0,0,0,0,Month-to-month,1,Electronic check,24.8,24.8,1
4827-USJHP,1,0,0,0,20,1,0,DSL,0,1,0,0,0,0,Month-to-month,1,Mailed check,51.8,1023.85,0
8167-GJLRN,1,0,0,0,3,0,0,DSL,0,0,0,1,0,0,Month-to-month,0,Electronic check,30.4,82.15,0
0956-SYCWG,0,0,0,0,13,1,0,No,0,0,0,0,0,0,One year,0,Electronic check,19.65,244.8,0
8017-UVSZU,0,0,1,0,40,1,1,DSL,0,1,0,0,0,0,Month-to-month,0,Credit card (automatic),56.6,2379.1,0
7100-FQPRV,1,0,1,1,43,1,1,DSL,1,0,0,1,0,1,One year,1,Credit card (automatic),71.9,3173.35,0
2472-OVKUP,1,0,1,0,6,1,0,Fiber optic,0,1,1,0,0,1,Month-to-month,1,Electronic check,91,531,1
2984-RGEYA,0,0,1,1,69,1,0,No,0,0,0,0,0,0,Two year,0,Bank transfer (automatic),19.75,1375.4,0
9680-NIAUV,0,0,1,1,72,1,1,Fiber optic,1,1,1,0,1,1,Two year,0,Credit card (automatic),109.7,8129.3,0
2146-EGVDT,1,0,1,1,59,1,0,No,0,0,0,0,0,0,Two year,0,Credit card (automatic),19.3,1192.7,0
2604-IJPDU,0,0,1,0,20,1,0,Fiber optic,1,1,0,1,1,0,Month-to-month,1,Electronic check,96.55,1901.65,0
9178-JHUVJ,1,0,1,1,24,1,1,No,0,0,0,0,0,0,Two year,1,Bank transfer (automatic),24.1,587.4,0
6168-YBYNP,1,0,0,0,59,1,1,Fiber optic,0,1,1,1,1,1,Month-to-month,1,Electronic check,111.35,6519.75,0
7255-SSFBC,1,0,1,1,72,1,1,Fiber optic,0,1,1,1,1,1,Two year,1,Bank transfer (automatic),112.25,8041.65,0
3645-DEYGF,1,0,0,1,1,1,0,No,0,0,0,0,0,0,Month-to-month,0,Mailed check,20.75,20.75,0
9323-HGFWY,0,0,1,0,27,1,0,Fiber optic,1,0,0,1,1,1,One year,1,Credit card (automatic),101.9,2681.15,0
8544-GOQSH,0,0,0,0,14,1,0,Fiber optic,0,1,0,1,0,0,Month-to-month,1,Credit card (automatic),80.05,1112.3,0
3363-DTIVD,1,0,1,1,71,1,1,Fiber optic,1,0,1,0,1,1,Two year,0,Electronic check,105.55,7405.5,0
7018-WBJNK,1,0,0,1,13,1,0,Fiber optic,0,0,0,0,1,0,Month-to-month,1,Credit card (automatic),78.3,1033.95,0
9142-KZXOP,1,0,0,0,44,1,0,Fiber optic,0,0,0,0,0,0,Month-to-month,0,Credit card (automatic),68.85,2958.95,0
7674-YTAFD,0,0,0,0,33,1,0,Fiber optic,0,1,0,1,0,0,One year,1,Bank transfer (automatic),79.95,2684.85,0
6348-SNFUS,1,0,1,1,72,0,0,DSL,1,1,1,1,0,1,Two year,1,Credit card (automatic),55.45,4179.2,0
1285-OKIPP,1,0,0,0,1,1,0,Fiber optic,0,0,0,0,0,1,Month-to-month,0,Electronic check,79.9,79.9,1
7825-ECJRF,0,0,0,0,19,1,0,Fiber optic,1,0,1,1,1,1,Month-to-month,1,Electronic check,106.6,1934.45,1
1347-KTTTA,1,0,1,0,64,1,0,Fiber optic,0,1,1,1,1,1,One year,1,Credit card (automatic),102.45,6654.1,0
7841-TZDMQ,1,0,0,0,2,1,0,DSL,0,0,0,0,0,0,Month-to-month,1,Credit card (automatic),46,84.5,1
4195-NZGTA,0,0,0,0,1,0,0,DSL,0,0,0,0,0,0,Month-to-month,0,Electronic check,25.25,25.25,0
7157-SMCFK,1,0,0,1,61,1,0,No,0,0,0,0,0,0,Two year,0,Mailed check,19.75,1124.2,0
4709-LKHYG,0,0,1,1,29,1,0,No,0,0,0,0,0,0,One year,0,Electronic check,20,540.05,0
2504-DSHIH,1,1,1,0,23,1,1,Fiber optic,0,0,0,0,0,1,Month-to-month,0,Electronic check,86.8,1975.85,0
0699-NDKJM,0,0,1,0,57,0,0,DSL,1,1,1,0,1,1,Month-to-month,1,Bank transfer (automatic),58.75,3437.45,0
9286-BHDQG,1,0,1,1,72,0,0,DSL,1,1,1,1,0,0,Two year,0,Credit card (automatic),45.25,3139.8,0
0230-WEQUW,1,0,1,0,66,0,0,DSL,1,1,1,1,1,0,Two year,1,Bank transfer (automatic),56.6,3789.2,0
2040-LDIWQ,1,0,1,1,65,1,1,DSL,0,1,1,1,1,1,Two year,1,Bank transfer (automatic),84.2,5324.5,0
6496-JDSSB,0,0,0,0,8,1,0,Fiber optic,0,0,0,0,1,0,Month-to-month,1,Bank transfer (automatic),80,624.6,0
9408-SSNVZ,0,0,0,0,4,1,0,Fiber optic,0,0,0,0,0,0,Month-to-month,1,Electronic check,70.15,268.35,1
4443-EMBNA,0,0,1,0,71,1,1,No,0,0,0,0,0,0,Two year,0,Bank transfer (automatic),24.75,1836.9,0
6469-MRVET,1,0,1,1,1,1,0,No,0,0,0,0,0,0,One year,1,Electronic check,20.2,20.2,0
0742-MOABM,1,0,1,0,4,1,0,DSL,0,0,0,1,0,0,Month-to-month,0,Mailed check,50.05,179.35,1
5961-VUSRV,0,0,0,0,12,1,0,No,0,0,0,0,0,0,One year,1,Bank transfer (automatic),19.35,219.35,0
6778-JFCMK,1,0,0,0,24,0,0,DSL,1,0,0,0,1,1,One year,1,Mailed check,50.6,1288.75,0
6341-JVQGF,0,0,1,1,31,1,0,DSL,1,0,1,1,1,1,One year,1,Mailed check,81.15,2545.75,0
2232-DMLXU,0,0,1,0,1,1,0,DSL,0,0,0,0,1,0,Month-to-month,0,Mailed check,55.2,55.2,1
4811-JBUVU,1,0,0,0,30,1,1,Fiber optic,0,0,0,1,0,1,Month-to-month,1,Credit card (automatic),89.9,2723.15,0
0945-TSONX,0,0,1,1,47,1,1,DSL,1,1,0,1,1,1,Two year,1,Credit card (automatic),85.3,4107.25,0
2651-ZCBXV,1,0,0,0,54,1,1,Fiber optic,1,1,0,1,1,1,Two year,1,Credit card (automatic),108,5760.65,0
3316-UWXUY,1,0,0,0,50,1,0,Fiber optic,1,1,0,1,0,1,Month-to-month,1,Credit card (automatic),93.5,4747.5,0
8937-RDTHP,1,0,0,0,1,1,0,Fiber optic,1,0,0,0,0,1,Month-to-month,1,Mailed check,84.6,84.6,1
7083-MIOPC,0,0,0,0,72,1,0,No,0,0,0,0,0,0,Two year,0,Credit card (automatic),20.25,1566.9,0
1984-GPTEH,0,0,0,0,29,1,1,No,0,0,0,0,0,0,Month-to-month,0,Electronic check,25.15,702,0
1251-KRREG,1,0,0,0,2,1,1,DSL,0,1,0,0,0,0,Month-to-month,1,Mailed check,54.4,114.1,1
0621-JFHOL,0,0,0,0,10,0,0,DSL,0,0,0,1,0,0,Two year,1,Mailed check,29.6,299.05,0
9903-LYSAB,1,0,1,0,18,1,1,Fiber optic,0,0,0,0,0,0,Month-to-month,1,Electronic check,73.15,1305.95,0
0094-OIFMO,0,1,0,0,11,1,0,Fiber optic,0,1,0,0,1,1,Month-to-month,1,Electronic check,95,1120.3,1
9227-UAQFT,1,0,0,0,16,1,0,No,0,0,0,0,0,0,Two year,0,Mailed check,19.75,284.35,0
7301-ABVAD,0,0,0,0,72,1,1,DSL,0,1,1,1,1,1,Two year,0,Bank transfer (automatic),86.6,6350.5,0
6614-FHDBO,1,0,0,0,72,1,1,Fiber optic,0,1,1,1,1,1,Two year,0,Bank transfer (automatic),109.2,7878.3,0
7576-ASEJU,0,0,1,1,41,1,0,DSL,1,0,0,1,1,1,One year,1,Credit card (automatic),74.7,3187.65,0
9058-HRZSV,0,1,1,0,65,1,0,Fiber optic,1,1,1,0,0,1,Month-to-month,0,Electronic check,94.4,6126.15,0
4522-AKYLR,0,1,0,0,13,1,0,DSL,0,1,1,0,0,0,Month-to-month,1,Electronic check,54.8,731.3,0
0221-WMXNQ,1,1,0,0,4,1,0,Fiber optic,1,0,0,0,0,0,Month-to-month,0,Electronic check,75.35,273.4,0
0303-UNCIP,1,0,0,0,41,1,1,DSL,0,0,1,0,0,1,One year,0,Mailed check,65,2531.8,0
9947-OTFQU,1,1,0,0,15,1,0,Fiber optic,0,1,0,0,0,0,Month-to-month,1,Electronic check,74.4,1074.3,1
0322-YINQP,1,0,0,0,1,1,0,DSL,1,0,0,0,0,0,Month-to-month,1,Mailed check,48.55,48.55,1
0959-WHOKV,1,0,0,0,42,1,1,Fiber optic,1,1,1,0,0,1,One year,1,Electronic check,99,4298.45,0
4075-JFPGR,0,0,1,0,51,1,0,Fiber optic,1,1,1,0,1,0,One year,1,Electronic check,93.5,4619.55,0
4629-NRXKX,0,0,1,1,2,1,0,Fiber optic,0,0,0,0,0,0,Month-to-month,0,Electronic check,70.4,147.15,1
9514-JDSKI,1,1,1,0,1,0,0,DSL,0,1,0,0,1,0,Month-to-month,0,Electronic check,40.2,40.2,1
3282-ZISZV,1,0,0,1,32,1,1,DSL,0,1,1,1,1,1,One year,0,Credit card (automatic),83.7,2633.3,0
3675-YDUPJ,1,0,0,0,10,1,0,No,0,0,0,0,0,0,Month-to-month,1,Mailed check,19.85,193.05,0
4111-BNXIF,0,0,1,1,67,0,0,DSL,0,1,1,1,1,1,Two year,1,Electronic check,59.55,4103.9,0
7017-VFHAY,0,0,1,1,61,1,1,Fiber optic,1,1,1,1,1,1,Two year,0,Credit card (automatic),115.1,7008.15,0
6655-LHBYW,1,0,0,0,50,1,1,Fiber optic,1,1,1,1,1,1,One year,0,Credit card (automatic),114.35,5791.1,0
4959-JOSRX,0,0,1,0,2,1,0,DSL,0,0,0,0,0,0,Month-to-month,1,Credit card (automatic),44.6,80.55,1
5046-NUHWD,0,1,1,0,29,0,0,DSL,1,0,1,0,0,1,Month-to-month,1,Electronic check,45,1228.65,0
7273-TEFQD,1,1,0,0,3,0,0,DSL,0,0,1,0,0,1,Month-to-month,1,Electronic check,41.15,132.2,1
3606-TWKGI,1,1,0,0,13,1,1,Fiber optic,0,1,1,0,1,1,Month-to-month,1,Electronic check,106.9,1364.3,1
7529-ZDFXI,1,1,1,0,57,1,1,Fiber optic,0,1,0,0,0,1,Month-to-month,1,Electronic check,89.85,4925.35,0
7605-BDWDC,0,0,0,0,31,0,0,DSL,1,1,0,1,0,1,Two year,1,Bank transfer (automatic),49.85,1520.1,0
1950-KSVVJ,0,0,1,0,45,1,1,Fiber optic,1,1,1,1,1,1,One year,0,Mailed check,113.3,5032.25,0
0123-CRBRT,0,0,1,1,61,1,1,DSL,1,1,1,1,1,1,Two year,0,Mailed check,88.1,5526.75,0
6292-TOSSS,1,0,0,0,50,1,1,No,0,0,0,0,0,0,Two year,0,Bank transfer (automatic),24.9,1195.25,0
3197-ARFOY,0,1,0,0,19,1,0,Fiber optic,1,1,0,1,1,1,Month-to-month,1,Mailed check,105,2007.25,0
6323-AYBRX,1,0,0,0,59,1,0,No,0,0,0,0,0,0,Two year,0,Mailed check,19.35,1099.6,1
7014-ZZXAW,0,0,1,0,71,1,1,No,0,0,0,0,0,0,Two year,1,Credit card (automatic),24.25,1732.95,0
4385-GZQXV,0,1,0,0,16,1,0,Fiber optic,0,0,0,1,1,1,Month-to-month,1,Electronic check,94.45,1511.2,1
7633-MVPUY,1,0,1,0,57,1,0,DSL,1,1,0,1,0,0,Two year,1,Electronic check,59.75,3450.15,0
6366-ZGQGL,1,0,0,0,1,0,0,DSL,0,0,0,0,0,0,Month-to-month,0,Bank transfer (automatic),24.8,24.8,1
4716-HHKQH,1,1,1,0,20,1,1,Fiber optic,0,1,0,1,1,1,Month-to-month,0,Electronic check,107.05,2172.05,0
5940-AHUHD,1,0,0,0,1,1,0,Fiber optic,0,0,0,0,0,0,Month-to-month,0,Mailed check,70.6,70.6,1
6432-TWQLB,1,0,1,0,5,1,1,Fiber optic,0,1,0,1,0,0,Month-to-month,1,Electronic check,85.4,401.1,1
4484-GLZOU,0,0,1,0,52,1,1,Fiber optic,0,1,1,0,1,1,Month-to-month,1,Electronic check,105.05,5624.85,1
3179-GBRWV,1,1,1,0,21,1,0,DSL,1,1,0,0,0,1,Month-to-month,1,Bank transfer (automatic),64.95,1339.8,0
8645-KWHJO,1,0,0,0,14,0,0,DSL,0,0,1,1,1,1,Month-to-month,1,Electronic check,55,771.95,0
4130-MZLCC,0,0,0,0,5,1,0,DSL,0,1,0,0,0,0,Month-to-month,0,Bank transfer (automatic),50.55,244.75,0
0314-TKOSI,0,0,0,0,6,1,0,DSL,1,1,0,0,0,0,Month-to-month,0,Mailed check,55.15,322.9,0
8229-MYEJZ,0,0,0,0,10,1,0,DSL,0,1,0,0,0,0,Month-to-month,0,Electronic check,51.2,498.25,0
2080-SRCDE,0,0,0,1,1,1,1,No,0,0,0,0,0,0,Month-to-month,0,Mailed check,25.4,25.4,0
9577-WJVCQ,0,0,0,0,68,1,1,DSL,1,0,0,0,0,0,Month-to-month,0,Mailed check,54.45,3687.75,0
9512-UIBFX,1,0,1,1,18,1,0,Fiber optic,0,0,1,0,1,1,Month-to-month,0,Mailed check,95.15,1779.95,1
6202-DYYFX,0,0,0,0,22,1,1,Fiber optic,0,0,0,0,0,0,One year,1,Credit card (automatic),76,1783.6,0
3808-HFKDE,0,0,0,0,20,1,0,DSL,0,0,0,0,0,0,Month-to-month,1,Electronic check,44.35,927.15,0
5583-SXDAG,1,0,1,0,1,1,0,Fiber optic,0,0,0,0,0,0,Month-to-month,0,Electronic check,70,70,1
3488-PGMQJ,1,1,0,0,8,1,0,Fiber optic,0,1,0,0,0,0,Month-to-month,1,Electronic check,74.5,606.55,1
3580-REOAC,1,0,0,0,10,1,0,DSL,0,0,0,0,0,0,Month-to-month,1,Credit card (automatic),44.85,435.4,1
7534-BFESC,1,1,0,0,24,1,1,Fiber optic,0,0,0,0,0,0,Month-to-month,1,Electronic check,76.1,1712.7,1
3727-OWVYD,1,0,0,0,35,1,0,DSL,1,1,1,0,0,0,One year,0,Mailed check,61.2,2021.2,0
2294-SALNE,1,0,1,1,23,1,0,Fiber optic,0,1,1,1,0,0,One year,0,Mailed check,86.8,1940.8,0
4847-TAJYI,0,1,0,0,6,1,0,Fiber optic,0,0,0,0,1,1,Month-to-month,1,Electronic check,89.35,567.8,0
1563-IWQEX,0,0,0,0,12,1,0,No,0,0,0,0,0,0,Month-to-month,0,Mailed check,19.7,220.35,0
8203-XJZRC,1,0,0,0,1,1,0,No,0,0,0,0,0,0,Month-to-month,0,Mailed check,20.25,20.25,0
6556-DBKZF,0,0,1,1,71,1,0,Fiber optic,0,0,1,0,0,0,Two year,0,Electronic check,76.05,5436.45,0
6851-WEFYX,1,1,1,0,35,1,1,Fiber optic,0,0,1,0,1,1,Month-to-month,1,Electronic check,100.8,3437.5,0
2985-JUUBZ,1,0,1,1,40,1,1,DSL,0,0,1,0,1,1,Month-to-month,1,Electronic check,74.55,3015.75,0
6390-DSAZX,0,0,0,1,1,1,0,Fiber optic,1,0,0,0,0,0,Month-to-month,1,Mailed check,73.6,73.6,1
0895-LMRSF,1,0,0,0,23,1,0,DSL,0,0,0,0,1,1,One year,1,Bank transfer (automatic),64.9,1509.8,0
8098-LLAZX,0,1,0,0,4,1,1,Fiber optic,0,0,0,0,1,1,Month-to-month,1,Electronic check,95.45,396.1,1
8266-VBFQL,1,0,0,0,4,1,0,Fiber optic,0,0,1,1,0,1,Month-to-month,1,Electronic check,90.4,356.65,0
8181-YHCMF,0,0,1,1,68,0,0,DSL,0,1,1,1,1,1,Two year,0,Credit card (automatic),60.3,4109,0
2240-HSJQD,1,0,0,1,38,1,1,Fiber optic,0,1,0,0,0,0,Month-to-month,1,Mailed check,81.85,3141.7,0
1248-DYXUB,1,0,1,1,52,1,1,No,0,0,0,0,0,0,Two year,0,Mailed check,24.8,1229.1,0
0265-EDXBD,1,1,1,0,32,1,1,Fiber optic,0,0,0,0,0,0,Month-to-month,1,Electronic check,74.9,2303.35,1
4115-BNPJY,1,0,1,1,29,1,0,DSL,0,0,1,1,1,1,Two year,0,Mailed check,75.55,2054.4,0
3167-SNQPL,1,1,1,1,38,1,1,Fiber optic,0,1,0,0,1,1,Month-to-month,0,Electronic check,101.15,3741.85,0
4091-TVOCN,1,0,0,1,48,1,1,DSL,1,0,1,0,1,1,One year,1,Credit card (automatic),78.75,3682.45,0
1098-TDVUQ,0,0,0,0,1,1,0,No,0,0,0,0,0,0,Month-to-month,1,Bank transfer (automatic),19.25,19.25,0
7277-OZCGZ,0,0,0,0,22,1,0,Fiber optic,1,0,0,1,0,1,Month-to-month,1,Electronic check,89.05,1886.25,0
1557-EMYVT,0,0,0,0,43,1,1,Fiber optic,1,1,1,1,1,1,Two year,0,Credit card (automatic),115.05,4895.1,0
2799-ARNLO,0,1,1,0,5,1,0,Fiber optic,0,0,0,0,0,0,Month-to-month,1,Electronic check,69.35,341.6,0
7563-BIUPC,1,0,0,0,5,1,0,Fiber optic,0,0,0,0,1,0,Month-to-month,1,Electronic check,80.6,415.55,1
5027-YOCXN,1,0,1,1,51,1,1,Fiber optic,1,1,0,1,1,1,One year,0,Credit card (automatic),110.05,5686.4,0
3973-SKMLN,1,0,0,0,71,1,0,No,0,0,0,0,0,0,Two year,1,Credit card (automatic),19.9,1355.1,0
2321-OMBXY,0,0,1,1,38,1,0,DSL,1,1,0,1,1,1,One year,0,Credit card (automatic),80.3,3058.65,1
2840-XANRC,1,1,1,0,24,1,0,Fiber optic,0,0,1,0,1,1,Month-to-month,1,Electronic check,93.15,2231.05,1
6745-JEFZB,1,0,1,0,35,1,1,Fiber optic,0,0,0,1,1,0,Month-to-month,1,Credit card (automatic),91.5,3236.35,0
5020-ZSTTY,0,1,0,0,54,1,1,DSL,1,1,0,1,1,1,One year,0,Bank transfer (automatic),82.45,4350.1,1
9880-TDQAC,0,0,1,1,72,0,0,DSL,0,1,1,1,1,1,Two year,1,Electronic check,60,4264,0
8705-WZCYL,1,0,0,0,1,1,0,DSL,0,0,0,0,0,0,Month-to-month,1,Electronic check,44.8,44.8,0
7102-JJVTX,0,0,1,1,9,1,0,DSL,1,0,0,0,0,0,One year,0,Mailed check,48.6,422.3,0
8626-PTQGE,1,0,0,0,69,0,0,DSL,1,1,0,1,1,1,Two year,1,Bank transfer (automatic),60.05,4176.7,0
4983-CLMLV,0,0,1,0,52,1,1,Fiber optic,0,1,0,1,1,1,Month-to-month,1,Credit card (automatic),102.7,5138.1,0
5701-YVSVF,0,1,1,0,11,1,0,Fiber optic,0,0,0,1,1,0,Month-to-month,1,Electronic check,82.9,880.05,0
5804-LEPIM,0,1,0,0,2,1,0,Fiber optic,0,0,0,0,0,0,Month-to-month,1,Electronic check,70.35,139.05,1
5697-GOMBF,0,1,1,1,28,0,0,DSL,0,0,0,0,1,0,Month-to-month,1,Electronic check,35.9,973.65,0
2739-CACDQ,0,1,0,0,17,1,1,Fiber optic,0,0,1,0,0,0,Month-to-month,1,Credit card (automatic),82.65,1470.05,0
9385-EHGDO,0,0,1,1,35,1,0,No,0,0,0,0,0,0,Two year,1,Mailed check,19.85,739.35,0
9498-FIMXL,0,0,0,0,8,1,0,No,0,0,0,0,0,0,One year,1,Mailed check,19.2,161.95,0
2379-GYFLQ,1,0,0,0,46,1,1,Fiber optic,0,1,1,0,1,0,One year,1,Credit card (automatic),94.9,4422.95,0
0122-OAHPZ,0,0,0,0,7,1,1,Fiber optic,0,0,0,0,0,0,Month-to-month,1,Electronic check,73.85,511.25,1
2868-SNELZ,0,0,0,0,2,1,1,Fiber optic,0,0,1,0,0,0,Month-to-month,0,Mailed check,80.6,155.8,1
4322-RCYMT,1,0,1,1,68,1,1,DSL,0,1,1,1,0,1,One year,1,Bank transfer (automatic),75.8,5293.95,1
6680-NENYN,0,0,0,0,43,1,1,Fiber optic,0,1,1,0,1,1,Two year,1,Electronic check,104.6,4759.85,1
2088-IEBAU,0,0,0,0,68,1,1,DSL,1,1,1,1,1,1,Two year,1,Electronic check,88.15,6148.45,0
7982-VCELR,0,0,0,0,36,1,0,Fiber optic,0,1,0,0,1,1,Month-to-month,1,Credit card (automatic),94.8,3565.65,0
1343-EHPYB,1,0,1,0,63,1,1,Fiber optic,0,1,1,0,1,1,Month-to-month,1,Electronic check,103.4,6603,1
6035-BXTTY,0,1,0,0,32,1,0,DSL,0,1,0,1,0,0,Month-to-month,0,Bank transfer (automatic),54.65,1830.1,0
6885-PKOAM,0,0,1,0,71,1,1,DSL,1,1,1,1,1,1,Two year,0,Credit card (automatic),85.75,6223.8,0
7520-HQWJU,0,0,1,1,66,1,1,DSL,1,1,1,0,0,0,Month-to-month,1,Bank transfer (automatic),67.45,4508.65,0
9639-BUJXT,1,0,0,0,63,1,0,No,0,0,0,0,0,0,One year,0,Mailed check,20.5,1328.15,0
5924-SNGKP,0,0,0,1,41,1,0,No,0,0,0,0,0,0,One year,1,Credit card (automatic),20.25,865,0
0021-IKXGC,0,1,0,0,1,1,1,Fiber optic,0,0,0,0,0,0,Month-to-month,1,Electronic check,72.1,72.1,0
2034-GDRCN,0,0,0,0,2,1,0,Fiber optic,0,0,0,0,1,1,Month-to-month,1,Electronic check,90.4,168.2,1
8966-SNIZF,0,0,1,0,70,1,0,No,0,0,0,0,0,0,Two year,0,Bank transfer (automatic),19.45,1303.5,0
6243-OZGFH,0,0,0,0,23,0,0,DSL,0,0,0,0,1,1,Month-to-month,1,Electronic check,44.95,996.85,0
4654-DLAMQ,0,1,1,0,64,1,0,Fiber optic,1,1,1,0,0,1,One year,0,Bank transfer (automatic),97,6430.9,0
0513-RBGPE,1,0,1,1,37,1,1,DSL,1,0,1,1,0,0,Two year,1,Credit card (automatic),62.8,2278.75,0
5160-UXJED,1,0,0,1,17,1,0,DSL,0,0,0,0,0,0,One year,0,Mailed check,44.6,681.4,0
4115-NZRKS,0,1,0,0,7,1,0,Fiber optic,0,0,0,0,1,1,Month-to-month,1,Electronic check,89.15,574.35,0
0219-YTZUE,1,0,1,1,4,1,1,Fiber optic,0,1,1,0,0,0,Month-to-month,1,Bank transfer (automatic),84.8,371.9,1
0623-IIHUG,0,1,0,0,21,0,0,DSL,1,0,0,0,1,0,Month-to-month,1,Electronic check,41.9,840.1,1
4572-DVCGN,0,0,0,0,10,1,0,Fiber optic,0,0,0,0,0,1,Month-to-month,1,Bank transfer (automatic),80.25,846,1
3351-NGXYI,0,1,0,0,16,1,1,DSL,1,0,0,0,0,0,Month-to-month,1,Electronic check,54.1,889,0
8984-EYLLL,1,0,1,0,64,1,1,Fiber optic,0,1,0,1,1,1,Two year,1,Electronic check,105.25,6823.4,0
9057-MSWCO,1,1,1,0,27,0,0,DSL,1,0,0,0,0,0,Month-to-month,0,Credit card (automatic),30.75,805.1,1
9833-TGFHX,1,0,1,1,42,1,1,Fiber optic,1,0,0,0,1,1,One year,0,Electronic check,97.1,4016.75,0
9294-TDIPC,1,0,0,1,5,1,0,No,0,0,0,0,0,0,Month-to-month,0,Mailed check,20.2,83.75,0
5229-DTFYB,0,0,0,0,41,1,0,Fiber optic,0,1,0,1,1,1,Two year,1,Bank transfer (automatic),98.8,3959.15,0
0104-PPXDV,1,0,1,0,58,1,0,DSL,0,0,1,0,0,0,One year,0,Credit card (automatic),50.3,2878.55,0
5176-LMJXE,0,0,0,0,47,1,0,No,0,0,0,0,0,0,Two year,1,Mailed check,20.55,945.7,0
3583-KRKMD,1,0,0,0,18,1,0,Fiber optic,0,0,0,1,0,0,Month-to-month,1,Bank transfer (automatic),75.9,1373.05,0
1010-DIAUQ,1,0,0,0,5,1,0,Fiber optic,0,0,1,0,1,1,Month-to-month,0,Bank transfer (automatic),96.5,492.55,1
9069-LGEUL,1,0,1,0,23,1,0,DSL,1,0,0,0,0,1,Month-to-month,1,Bank transfer (automatic),59.95,1406,0
7302-ZHMHP,0,0,0,0,1,1,0,No,0,0,0,0,0,0,Month-to-month,0,Mailed check,19.15,19.15,0
9571-EDEBV,1,0,1,0,71,1,1,Fiber optic,0,0,1,0,1,1,One year,1,Credit card (automatic),98.65,6962.85,0
3520-FJGCV,1,0,1,1,72,1,1,Fiber optic,1,1,1,1,1,1,Two year,1,Credit card (automatic),112.6,8126.65,0
6563-VRERX,1,0,1,1,33,1,0,No,0,0,0,0,0,0,One year,0,Mailed check,20.6,690.25,0
0259-GBZSH,1,0,0,0,2,1,1,Fiber optic,0,0,0,0,1,0,Month-to-month,1,Electronic check,85.65,181.5,1
6122-EFVKN,1,0,0,1,24,0,0,DSL,1,0,0,1,0,0,Two year,0,Mailed check,35.75,830.8,0
2805-EDJPQ,0,0,1,1,56,1,1,Fiber optic,0,1,1,1,0,1,One year,1,Credit card (automatic),99.75,5608.4,0
6862-CQUMB,1,0,0,0,37,1,0,Fiber optic,0,1,0,0,1,1,Month-to-month,1,Credit card (automatic),96.1,3646.8,0
7156-MXBJE,0,0,0,0,43,1,1,DSL,0,1,1,1,1,1,One year,0,Credit card (automatic),85.1,3662.25,0
6158-HDPXZ,1,0,0,0,1,0,0,DSL,0,0,0,0,0,0,Month-to-month,0,Mailed check,25.35,25.35,0
9601-BRXPO,0,0,1,0,25,1,1,Fiber optic,0,0,1,1,1,1,Month-to-month,1,Bank transfer (automatic),104.95,2566.5,1
2863-IMQDR,0,0,0,0,61,1,1,DSL,1,1,1,1,1,1,Two year,0,Electronic check,89.65,5308.7,0
5686-CMAWK,1,0,0,0,17,1,1,Fiber optic,0,0,1,1,0,0,One year,0,Electronic check,86.75,1410.25,0
5651-CRHKQ,0,0,1,0,41,1,0,Fiber optic,0,1,1,1,0,0,One year,1,Bank transfer (automatic),86.2,3339.05,0
6905-NIQIN,1,0,0,0,1,1,0,DSL,0,1,0,0,0,0,Month-to-month,0,Mailed check,50.65,50.65,1
8204-YJCLA,1,1,1,1,72,0,0,DSL,1,1,1,1,1,1,Two year,1,Bank transfer (automatic),64.8,4732.35,0
5167-ZFFMM,1,0,0,0,1,1,1,Fiber optic,0,1,0,0,0,1,Month-to-month,1,Credit card (automatic),90.85,90.85,1
6583-SZVGP,1,0,0,0,48,1,1,Fiber optic,0,1,1,0,1,1,Two year,1,Bank transfer (automatic),108.1,5067.45,0
4895-TMWIR,1,1,1,0,11,1,0,No,0,0,0,0,0,0,Month-to-month,0,Mailed check,19.95,214.75,1
0533-BNWKF,0,1,1,0,55,1,1,Fiber optic,0,1,1,0,0,0,Month-to-month,1,Electronic check,85.45,4874.7,1
1708-PBBOA,0,0,0,0,42,0,0,DSL,1,1,1,1,0,1,One year,1,Electronic check,54.75,2348.45,0
8782-LKFPK,1,0,0,0,44,1,1,Fiber optic,0,0,1,0,0,1,Month-to-month,1,Mailed check,90.4,4063,0
5522-JBWMO,1,0,0,1,1,1,0,DSL,0,0,0,0,0,0,Month-to-month,0,Electronic check,44,44,0
3597-MVHJT,0,0,0,0,27,1,1,Fiber optic,0,0,0,0,1,1,Month-to-month,1,Bank transfer (automatic),95.6,2595.25,0
9774-NRNAU,1,1,1,0,27,1,1,DSL,0,1,1,1,1,1,Month-to-month,1,Bank transfer (automatic),84.8,2309.55,0
0224-RLWWD,0,1,0,0,2,1,0,DSL,0,0,0,0,0,0,Month-to-month,1,Electronic check,44.3,89.3,0
9967-ATRFS,0,0,0,0,19,1,0,No,0,0,0,0,0,0,Month-to-month,0,Mailed check,19.9,367.55,0
3951-NJCVI,0,1,1,0,42,1,1,Fiber optic,0,0,0,0,1,1,Month-to-month,1,Electronic check,95.05,3944.5,0
2977-CEBSX,0,0,0,0,66,1,1,DSL,1,1,1,1,1,1,Two year,1,Credit card (automatic),90.05,5965.95,0
0177-PXBAT,1,1,1,0,33,1,1,Fiber optic,1,0,1,1,1,1,Month-to-month,1,Bank transfer (automatic),109.9,3694.7,0
6599-CEBNN,0,0,0,0,34,1,0,Fiber optic,0,1,0,0,0,0,Month-to-month,1,Credit card (automatic),73.95,2524.45,1
2519-ERQOJ,1,1,0,0,33,0,0,DSL,0,0,1,1,1,1,Month-to-month,1,Electronic check,54.6,1803.7,0
5876-QMYLD,0,0,1,1,23,1,0,No,0,0,0,0,0,0,One year,0,Mailed check,20.05,415.1,0
2277-AXSDC,0,0,0,0,32,1,0,No,0,0,0,0,0,0,One year,0,Bank transfer (automatic),19.75,624.15,0
9442-JTWDL,0,0,0,0,11,1,0,No,0,0,0,0,0,0,One year,0,Credit card (automatic),20.05,237.7,0
0979-PHULV,1,0,1,1,69,1,1,Fiber optic,0,0,1,0,1,1,Month-to-month,1,Credit card (automatic),99.45,7007.6,1
3067-SVMTC,0,0,1,0,68,1,0,DSL,1,0,0,1,0,0,One year,0,Bank transfer (automatic),55.9,3848.8,0
5495-GPSRW,1,0,0,0,20,1,0,No,0,0,0,0,0,0,Two year,1,Mailed check,19.7,419.4,0
7606-BPHHN,1,0,0,0,72,1,0,No,0,0,0,0,0,0,Two year,1,Credit card (automatic),19.8,1468.75,0
4742-DRORA,1,0,1,1,60,1,1,Fiber optic,1,0,1,0,1,0,One year,1,Bank transfer (automatic),95.4,5812,0
0111-KLBQG,1,1,1,1,32,1,0,Fiber optic,0,1,0,0,1,1,Month-to-month,1,Mailed check,93.95,2861.45,0
4800-VHZKI,0,0,0,0,1,1,0,No,0,0,0,0,0,0,Month-to-month,1,Mailed check,19.9,19.9,1
7989-CHGTL,1,0,0,0,1,1,0,No,0,0,0,0,0,0,Month-to-month,1,Mailed check,19.6,19.6,1
0334-GDDSO,1,1,0,0,3,1,1,Fiber optic,0,1,0,0,0,0,Month-to-month,1,Electronic check,81.35,233.7,1
4163-NCJAK,0,0,1,0,46,1,1,No,0,0,0,0,0,0,One year,1,Bank transfer (automatic),24.45,1066.15,0
5233-AOZUF,0,0,1,0,29,1,1,Fiber optic,0,0,0,0,0,0,Month-to-month,1,Electronic check,74.95,2149.05,0
5973-EJGDP,1,0,0,0,51,1,1,Fiber optic,0,1,1,1,0,0,Month-to-month,1,Electronic check,87.35,4473,0
1996-DBMUS,0,1,1,0,48,1,0,Fiber optic,0,0,0,0,0,0,Month-to-month,1,Bank transfer (automatic),70.65,3545.05,0
7916-VCCPB,0,0,1,1,16,1,0,Fiber optic,0,1,0,0,0,0,Month-to-month,0,Bank transfer (automatic),73.25,1195.75,0
4686-GEFRM,1,0,1,0,70,1,1,Fiber optic,0,1,1,1,0,1,Two year,1,Bank transfer (automatic),98.7,6858.9,0
5249-QYHEX,0,0,1,1,40,1,1,No,0,0,0,0,0,0,Two year,1,Mailed check,24.8,1024.7,0
0578-SKVMF,0,0,1,1,22,1,0,Fiber optic,0,1,0,0,0,1,Month-to-month,0,Electronic check,83.3,1845.9,1
5564-NEMQO,0,1,0,0,1,1,0,Fiber optic,0,0,1,0,0,0,Month-to-month,1,Bank transfer (automatic),75.3,75.3,1
2233-FAGXV,0,0,1,1,5,1,1,No,0,0,0,0,0,0,Month-to-month,1,Mailed check,24.3,132.25,0
5605-IYGFG,0,0,0,0,7,1,0,Fiber optic,0,0,0,0,0,0,Month-to-month,1,Bank transfer (automatic),69.85,515.45,0
7663-ZTEGJ,1,0,0,1,29,1,1,Fiber optic,0,1,1,1,0,1,One year,0,Credit card (automatic),100.55,2830.45,0
3935-TBRZZ,1,0,1,1,44,1,1,No,0,0,0,0,0,0,One year,0,Mailed check,25.7,1110.5,0
8111-BKVDS,0,0,0,0,10,0,0,DSL,1,1,1,0,0,0,Month-to-month,0,Bank transfer (automatic),40.7,449.3,0
2055-SIFSS,0,1,1,0,55,1,1,DSL,0,0,0,0,0,0,Month-to-month,0,Bank transfer (automatic),51.65,2838.55,0
2806-MLNTI,1,1,1,0,52,1,1,Fiber optic,0,1,1,0,1,1,One year,1,Bank transfer (automatic),105.1,5376.4,0
8734-DKSTZ,0,0,1,1,10,1,1,Fiber optic,0,0,0,0,0,1,Month-to-month,0,Electronic check,85.95,858.6,0
4360-PNRQB,1,0,0,0,18,1,1,Fiber optic,0,0,0,0,0,0,Month-to-month,1,Bank transfer (automatic),75.6,1395.05,0
6152-ONASV,0,0,1,0,68,1,1,DSL,1,0,0,1,0,0,One year,0,Bank transfer (automatic),58.25,3975.7,0
9063-ZGTUY,0,0,1,1,61,1,0,No,0,0,0,0,0,0,Month-to-month,1,Mailed check,19.4,1182.55,1
7781-HVGMK,0,0,1,1,72,0,0,DSL,1,1,1,1,1,1,Two year,1,Credit card (automatic),65.2,4784.45,0
2181-UAESM,1,0,0,0,2,1,0,DSL,1,0,1,0,0,0,Month-to-month,0,Electronic check,53.45,119.5,0
2957-LOLHO,1,0,0,0,12,1,0,DSL,0,0,0,0,0,0,Month-to-month,1,Bank transfer (automatic),45.4,518.9,1
6048-NJXHX,1,0,1,0,41,1,0,No,0,0,0,0,0,0,Two year,1,Electronic check,19.75,899.45,0
2320-SLKMB,0,0,0,0,26,0,0,DSL,0,0,1,1,1,0,Month-to-month,1,Credit card (automatic),44.45,1183.8,0
4980-URKXC,1,0,1,0,36,1,0,No,0,0,0,0,0,0,One year,0,Bank transfer (automatic),20.85,720.05,0
4376-KFVRS,1,0,1,1,72,1,1,Fiber optic,1,1,1,1,1,1,Two year,1,Credit card (automatic),114.05,8468.2,0
5886-VLQVU,1,0,1,0,35,1,1,Fiber optic,0,0,0,1,0,1,Month-to-month,1,Bank transfer (automatic),89.85,3161.2,0
3577-AMVUX,1,0,0,0,1,1,0,DSL,0,0,1,1,0,0,Month-to-month,0,Mailed check,55.05,55.05,0
0771-WLCLA,0,0,1,1,16,1,1,Fiber optic,1,0,1,1,1,1,Month-to-month,1,Electronic check,112.95,1882.55,0
5628-RKIFK,0,1,0,0,49,1,1,Fiber optic,1,0,0,0,1,1,Month-to-month,0,Credit card (automatic),101.55,5070.4,0
0206-TBWLC,0,0,1,0,54,1,1,Fiber optic,1,1,1,1,1,1,One year,1,Mailed check,114.65,6049.5,0
2937-FTHUR,0,0,0,1,18,1,1,DSL,1,0,0,0,0,1,Month-to-month,0,Electronic check,64.8,1166.7,0
1910-FMXJM,0,0,1,0,36,1,0,Fiber optic,0,0,0,0,0,1,Month-to-month,0,Electronic check,80.4,2937.65,0
7752-XUSCI,0,0,0,0,60,1,1,Fiber optic,0,1,1,0,1,1,Month-to-month,1,Electronic check,105.9,6396.45,1
4110-PFEUZ,0,0,0,0,1,1,0,Fiber optic,0,0,0,0,0,0,Month-to-month,0,Mailed check,69.55,69.55,1
0732-OCQOC,0,0,1,1,52,1,1,No,0,0,0,0,0,0,Two year,1,Bank transfer (automatic),25.05,1270.25,0
5168-MSWXT,1,0,1,1,8,1,0,Fiber optic,0,0,1,0,1,1,Month-to-month,1,Electronic check,94.75,759.55,0
1090-ESELR,1,0,1,1,72,1,0,Fiber optic,1,1,0,1,1,1,Two year,0,Bank transfer (automatic),105.5,7611.55,0
8592-PLTMQ,0,0,0,0,64,1,1,No,0,0,0,0,0,0,One year,0,Mailed check,24.7,1642.75,0
5760-WRAHC,0,1,0,0,22,1,0,DSL,1,0,1,1,0,1,Month-to-month,1,Mailed check,69.75,1545.4,0
8847-GEOOQ,1,0,1,0,60,0,0,DSL,0,1,1,1,1,1,Month-to-month,1,Bank transfer (automatic),60.2,3582.4,0
0256-LTHVJ,0,0,1,1,28,1,0,Fiber optic,0,0,0,0,0,1,Month-to-month,1,Electronic check,81.05,2227.1,1
4785-FCIFB,0,0,1,0,61,1,1,No,0,0,0,0,0,0,Two year,0,Mailed check,24.4,1417.9,0
8313-NDOIA,0,0,0,0,24,1,1,Fiber optic,0,1,1,0,1,1,Month-to-month,1,Electronic check,104.15,2494.65,0
5149-CUZUJ,1,0,1,1,28,1,0,Fiber optic,0,1,1,1,1,0,One year,0,Bank transfer (automatic),92.9,2768.35,0
0942-KOWSM,0,0,1,1,30,1,0,DSL,0,1,1,1,1,1,Two year,0,Bank transfer (automatic),80.8,2369.3,0
4237-CLSMM,1,0,1,0,2,1,0,No,0,0,0,0,0,0,Month-to-month,0,Mailed check,20,38,0
1452-VOQCH,1,0,0,0,1,1,1,Fiber optic,0,0,0,0,0,0,Month-to-month,1,Electronic check,75.1,75.1,0
4719-UMSIY,1,0,0,1,6,1,0,No,0,0,0,0,0,0,Month-to-month,0,Mailed check,19.65,100.9,0
6614-VBEGU,0,0,1,0,24,1,0,DSL,0,1,0,0,1,1,Month-to-month,1,Bank transfer (automatic),69.45,1614.05,0
0880-TKATG,1,0,1,1,4,1,1,Fiber optic,0,0,1,0,1,1,Month-to-month,0,Electronic check,101.15,385.9,1
3811-VBYBZ,1,0,0,0,7,1,1,Fiber optic,0,1,0,0,1,1,Month-to-month,1,Electronic check,99.8,673.25,1
1480-BKXGA,1,1,1,0,72,1,1,Fiber optic,1,1,1,1,1,1,Two year,1,Bank transfer (automatic),116.05,8404.9,0
2996-XAUVF,1,0,0,0,70,0,0,DSL,0,0,0,1,0,1,Two year,1,Mailed check,40.05,2799.75,0
9076-AXYIK,1,1,1,0,64,1,1,Fiber optic,0,0,1,1,1,1,Two year,0,Electronic check,102.1,6538.45,0
5968-XQIVE,1,0,1,1,72,1,1,Fiber optic,0,1,0,0,1,0,One year,1,Electronic check,89.7,6588.95,0
8896-RAZCR,0,0,0,1,44,1,0,No,0,0,0,0,0,0,Two year,0,Mailed check,19.9,868.1,0
4640-UHDOS,0,0,1,1,13,1,0,DSL,0,0,0,0,0,1,Month-to-month,0,Electronic check,55.95,734.35,1
4933-IKULF,0,1,0,0,17,1,0,No,0,0,0,0,0,0,One year,0,Mailed check,20.65,330.6,0
3583-EKAPL,1,0,0,0,1,1,0,DSL,0,0,0,0,0,1,Month-to-month,1,Electronic check,55,55,1
1304-BCCFO,1,0,1,0,9,1,0,DSL,0,0,1,0,1,1,Month-to-month,1,Mailed check,70.05,564.4,0
4104-PVRPS,1,0,1,0,24,1,0,DSL,1,0,0,1,0,0,Month-to-month,0,Mailed check,53.6,1315.35,0
9399-APLBT,0,0,1,1,1,1,0,Fiber optic,0,1,0,0,0,0,Month-to-month,1,Electronic check,74.7,74.7,1
2359-KMGLI,1,0,0,0,24,1,1,Fiber optic,0,1,0,0,0,0,Month-to-month,1,Electronic check,80.25,1861.5,1
3780-DDGSE,1,1,1,1,35,1,0,DSL,0,1,0,1,1,1,Month-to-month,1,Electronic check,76.05,2747.2,0
4431-EDMIQ,0,0,1,1,7,1,0,DSL,1,1,1,1,1,0,Month-to-month,1,Electronic check,75.7,554.05,0
0306-JAELE,1,0,0,0,5,1,0,Fiber optic,0,0,0,1,1,1,Month-to-month,1,Electronic check,96.1,453.4,1
6227-HWPWX,0,0,0,1,15,1,0,Fiber optic,0,0,0,0,0,0,Month-to-month,0,Bank transfer (automatic),69,994.8,1
0486-LGCCH,1,0,1,1,11,1,0,No,0,0,0,0,0,0,Two year,0,Mailed check,19.65,225.75,0
0447-BEMNG,0,0,1,0,48,0,0,DSL,1,0,1,0,0,1,Month-to-month,1,Bank transfer (automatic),45.3,2145,1
4612-SSVHJ,0,1,0,0,20,1,0,Fiber optic,0,0,0,0,0,1,Month-to-month,1,Electronic check,81.45,1671.6,0
5168-MQQCA,0,0,1,0,72,1,1,Fiber optic,0,1,1,1,1,1,One year,1,Bank transfer (automatic),108.5,8003.8,0
5949-XIKAE,0,0,1,1,8,1,0,Fiber optic,0,1,0,0,1,0,Month-to-month,1,Electronic check,83.55,680.05,1
7971-HLVXI,1,0,1,1,72,1,1,Fiber optic,0,0,0,0,0,1,Two year,1,Credit card (automatic),84.5,6130.85,0
9094-AZPHK,0,0,0,0,15,1,1,Fiber optic,0,1,0,0,1,1,Month-to-month,1,Electronic check,100.15,1415,0
3649-JPUGY,1,0,0,0,72,1,1,DSL,0,1,1,1,1,1,Two year,1,Bank transfer (automatic),88.6,6201.95,0
4472-LVYGI,0,0,1,1,0,0,0,DSL,1,0,1,1,1,0,Two year,1,Bank transfer (automatic),52.55,null,0
8372-JUXUI,1,0,0,1,1,1,1,Fiber optic,0,0,0,0,0,0,Month-to-month,1,Electronic check,74.35,74.35,1
3552-CTCYF,1,0,1,1,63,1,1,Fiber optic,0,1,1,0,1,1,Two year,1,Bank transfer (automatic),104.8,6597.25,0
6778-YSNIH,0,0,0,0,2,1,0,DSL,0,1,0,0,1,0,Month-to-month,1,Electronic check,59,114.15,0
0388-EOPEX,0,0,1,0,2,1,0,Fiber optic,1,0,0,0,0,0,Month-to-month,1,Electronic check,74.4,139.4,1
5756-OZRIO,1,1,1,0,61,1,1,DSL,0,1,0,0,0,1,One year,0,Bank transfer (automatic),64.05,3902.6,0
6579-JPICP,1,0,0,0,1,1,0,No,0,0,0,0,0,0,Month-to-month,0,Mailed check,20.4,20.4,0
8205-OTCHB,1,0,0,0,22,0,0,DSL,0,1,1,0,0,1,One year,1,Bank transfer (automatic),43.75,903.6,1
4134-BSXLX,1,0,1,0,28,1,0,DSL,1,1,0,1,0,0,Month-to-month,0,Mailed check,60.9,1785.65,0
0505-SPOOW,0,0,1,0,70,1,0,No,0,0,0,0,0,0,Two year,0,Bank transfer (automatic),19.8,1397.65,0
6235-VDHOM,0,1,0,0,5,0,0,DSL,0,1,0,0,0,0,Month-to-month,0,Electronic check,28.45,131.05,1
7783-YKGDV,0,0,0,0,12,1,1,Fiber optic,1,1,1,0,0,1,Month-to-month,1,Bank transfer (automatic),99.7,1238.45,1
4374-YMUSQ,1,0,0,0,34,1,1,Fiber optic,1,1,1,1,1,1,One year,0,Credit card (automatic),116.25,3899.05,0
4513-CXYIX,0,1,1,0,71,1,1,Fiber optic,1,0,0,0,0,0,Two year,1,Credit card (automatic),80.7,5676,0
3957-HHLMR,0,0,1,1,70,1,1,DSL,1,0,0,0,0,1,One year,0,Bank transfer (automatic),65.2,4543.15,0
7803-XOCCZ,0,0,1,1,52,1,0,Fiber optic,1,0,1,1,0,0,Month-to-month,1,Bank transfer (automatic),84.05,4326.8,0
5736-YEJAX,1,0,0,1,69,1,1,DSL,1,1,1,1,1,0,Two year,1,Credit card (automatic),79.45,5502.55,0
5609-CEBID,0,1,0,0,20,1,1,Fiber optic,0,1,1,0,0,1,Month-to-month,1,Electronic check,94.1,1782.4,1
8981-FJGLA,1,0,0,1,11,1,1,Fiber optic,0,0,1,0,0,0,Month-to-month,1,Mailed check,78,851.8,0
7218-HKQFK,1,0,1,0,2,1,0,Fiber optic,0,0,0,1,1,1,Month-to-month,1,Electronic check,94.2,167.5,1
4636-QRJKY,0,0,1,1,6,1,1,Fiber optic,0,0,0,1,0,0,Month-to-month,1,Electronic check,80.5,502.85,1
1135-LMECX,0,0,0,0,1,1,0,No,0,0,0,0,0,0,Month-to-month,0,Mailed check,19.85,19.85,0
4332-MUOEZ,1,1,1,1,20,1,0,Fiber optic,1,0,1,1,0,1,One year,0,Credit card (automatic),94.3,1818.3,0
8535-SFUTN,1,0,0,0,61,1,1,Fiber optic,1,0,1,0,1,1,Month-to-month,1,Electronic check,106.45,6300.15,0
5956-VKDTT,0,1,1,0,5,1,1,Fiber optic,0,0,0,0,0,0,Month-to-month,1,Electronic check,74.35,334.8,1
8677-HDZEE,0,0,0,0,56,1,1,Fiber optic,0,1,0,1,1,1,Month-to-month,1,Bank transfer (automatic),105.45,5916.95,0
2475-MROZF,1,0,0,0,30,1,1,Fiber optic,1,1,1,1,0,0,Month-to-month,1,Credit card (automatic),95,2852.4,0
9412-GHEEC,1,0,0,0,40,1,1,Fiber optic,0,0,1,1,1,1,Month-to-month,0,Bank transfer (automatic),104.8,4131.95,1
3482-ABPKK,0,0,0,0,28,1,0,DSL,1,0,0,1,0,0,One year,0,Mailed check,54.3,1546.3,0
6705-LXORM,0,1,1,0,5,1,0,Fiber optic,0,0,0,0,0,0,Month-to-month,0,Electronic check,70.05,302.6,0
0257-ZESQC,0,1,1,0,27,1,0,Fiber optic,1,0,0,0,0,0,Month-to-month,1,Bank transfer (automatic),75.2,1929.35,1
7531-GQHME,1,0,0,0,12,1,0,No,0,0,0,0,0,0,Month-to-month,0,Credit card (automatic),20.05,265.45,0
5174-ITUMV,1,0,1,1,67,1,1,Fiber optic,0,1,1,0,1,1,One year,1,Electronic check,105.4,6989.45,0
4109-CYRBD,1,1,1,0,29,1,1,DSL,0,0,0,0,0,0,Month-to-month,1,Electronic check,51.6,1442,0
0913-XWSCN,1,0,1,1,55,1,1,Fiber optic,0,0,0,0,0,1,Month-to-month,0,Bank transfer (automatic),85.5,4713.4,0
6825-UYPFK,0,0,0,0,23,1,1,Fiber optic,0,0,0,0,0,0,Month-to-month,0,Bank transfer (automatic),75.6,1758.6,1
8397-MVTAZ,1,0,1,0,34,1,1,Fiber optic,0,0,1,0,1,1,Month-to-month,1,Electronic check,100.05,3480,1
0750-EBAIU,1,0,0,0,52,1,0,Fiber optic,1,0,1,0,1,0,One year,0,Electronic check,91.25,4738.3,0
8606-CIQUL,1,1,1,1,72,1,1,Fiber optic,1,1,1,1,1,1,Two year,1,Credit card (automatic),115.75,8399.15,0
3571-DPYUH,1,0,1,1,58,1,1,Fiber optic,0,1,0,1,1,0,One year,1,Credit card (automatic),94.7,5430.35,0
7601-GNDYK,1,0,1,1,35,1,0,No,0,0,0,0,0,0,Two year,0,Mailed check,19.6,686.95,0
0356-OBMAC,0,1,0,0,56,1,1,Fiber optic,0,1,1,1,1,0,Two year,1,Bank transfer (automatic),99.9,5706.3,0
8067-NIOYM,0,0,1,1,24,1,0,No,0,0,0,0,0,0,Two year,1,Credit card (automatic),21.1,490.65,0
1403-GYAFU,1,0,1,1,70,1,0,No,0,0,0,0,0,0,Two year,0,Credit card (automatic),20.05,1360.25,0
4234-XTNEA,1,0,0,0,2,1,0,Fiber optic,0,0,0,0,1,0,Month-to-month,1,Electronic check,79.95,174.45,0
1297-VQDRP,1,1,1,1,68,1,1,Fiber optic,0,0,1,1,1,1,One year,1,Credit card (automatic),107.15,7379.8,0
9282-IZGQK,0,0,0,0,1,1,1,Fiber optic,0,0,0,0,0,1,Month-to-month,1,Electronic check,85,85,1
5348-CAGXB,1,0,0,0,12,1,1,Fiber optic,0,0,1,0,1,0,Month-to-month,1,Electronic check,89.55,1021.75,0
0621-HJWXJ,0,0,1,0,63,1,1,Fiber optic,0,1,0,0,0,0,Month-to-month,1,Bank transfer (automatic),81.55,5029.05,0
5844-QVTAT,0,0,1,1,33,1,0,DSL,1,1,1,0,0,0,One year,1,Mailed check,58.45,1955.4,0
8905-IAZPF,0,0,1,0,69,1,0,Fiber optic,0,1,0,0,1,1,One year,1,Credit card (automatic),95.65,6744.2,0
5394-MEITZ,0,0,1,1,60,1,0,DSL,0,1,1,1,1,1,Two year,1,Bank transfer (automatic),80.6,4946.7,0
6859-QNXIQ,0,0,1,1,72,1,1,Fiber optic,1,1,1,1,1,1,Two year,1,Bank transfer (automatic),113.1,8248.5,0
2782-LFZVW,0,0,0,0,11,1,1,DSL,0,0,0,0,0,1,Month-to-month,1,Mailed check,58.95,601.6,0
2866-IKBTM,0,0,0,0,1,1,0,No,0,0,0,0,0,0,Month-to-month,0,Mailed check,19.55,19.55,0
1342-JPNKI,1,0,0,0,10,1,1,Fiber optic,0,0,0,0,1,0,Month-to-month,1,Bank transfer (automatic),86.05,834.1,1
2817-NTQDO,1,0,0,0,13,0,0,DSL,1,0,0,1,1,0,Month-to-month,1,Credit card (automatic),45.55,597,1
7129-AZJDE,1,0,1,1,34,1,0,Fiber optic,0,0,0,0,0,1,One year,1,Bank transfer (automatic),78.95,2647.2,0
6986-IJDHX,1,0,1,1,39,1,0,Fiber optic,0,1,0,0,1,0,Month-to-month,1,Mailed check,86.3,3266,1
2560-PPCHE,0,0,0,0,65,1,1,Fiber optic,0,1,0,1,1,1,One year,1,Bank transfer (automatic),105.05,6744.25,0
4676-MQUEA,1,1,1,0,50,1,1,Fiber optic,1,1,1,0,1,0,One year,1,Bank transfer (automatic),101.9,5265.5,0
8138-EALND,1,0,0,0,15,1,0,No,0,0,0,0,0,0,Month-to-month,0,Mailed check,19.75,311.6,0
3580-HYCSP,1,0,1,1,72,1,1,Fiber optic,1,1,1,0,1,1,Two year,1,Bank transfer (automatic),110.3,7966.9,0
1352-HNSAW,0,0,1,1,72,1,1,Fiber optic,1,1,1,1,1,1,Two year,1,Bank transfer (automatic),115.6,8220.4,0
2075-PUEPR,1,0,1,1,55,1,0,No,0,0,0,0,0,0,Two year,0,Bank transfer (automatic),19.35,1153.25,0
1982-FEBTD,0,0,1,1,23,1,1,No,0,0,0,0,0,0,Two year,1,Credit card (automatic),25.6,514.75,0
5301-GAUUY,1,0,0,0,32,1,1,Fiber optic,0,1,0,0,0,0,Month-to-month,1,Bank transfer (automatic),80.35,2596.15,1
5791-KAJFD,0,0,1,1,56,1,1,DSL,1,0,1,0,0,1,One year,1,Bank transfer (automatic),68.75,3808,0
2654-VBVPB,0,0,0,0,1,1,0,No,0,0,0,0,0,0,Month-to-month,0,Bank transfer (automatic),19.9,19.9,0
1154-HYWWO,1,0,0,0,38,1,0,DSL,1,1,0,1,1,0,One year,0,Mailed check,70.6,2708.2,0
2501-XWWTZ,1,0,0,0,11,1,0,Fiber optic,0,0,0,0,0,0,Month-to-month,0,Electronic check,70.2,760.05,0
3716-UVSPD,1,0,0,0,1,1,0,DSL,0,0,0,1,0,0,Month-to-month,1,Electronic check,49.3,49.3,0
6815-ABQFQ,1,0,1,0,56,1,1,Fiber optic,0,1,0,1,1,1,One year,1,Electronic check,107.25,6033.3,0
7343-EOBEU,1,0,1,0,3,1,1,No,0,0,0,0,0,0,Month-to-month,1,Mailed check,23.6,89.05,0
3701-SFMUH,1,0,1,1,7,1,0,DSL,1,0,0,0,1,1,Month-to-month,0,Credit card (automatic),69.7,516.15,0
6103-LIANB,1,0,1,1,59,1,1,Fiber optic,0,0,1,0,1,1,Two year,1,Credit card (automatic),99.5,5861.75,0
7319-VENRZ,1,0,0,0,7,1,0,DSL,0,0,1,1,1,0,Month-to-month,0,Bank transfer (automatic),64.3,445.95,0
5846-NEQVZ,1,0,1,1,71,1,0,DSL,1,0,1,1,0,1,Two year,1,Credit card (automatic),70.85,4973.4,0
6967-QIQRV,1,0,1,1,15,1,0,Fiber optic,1,0,0,1,1,1,One year,0,Electronic check,101.9,1667.25,0
5781-RFZRP,1,0,1,0,71,1,1,DSL,1,1,0,1,1,0,Two year,0,Credit card (automatic),73.5,5357.75,0
0939-YAPAF,0,0,0,0,35,1,1,Fiber optic,0,0,1,0,1,1,Month-to-month,1,Electronic check,100.25,3527.6,1
0308-IVGOK,0,0,0,0,11,0,0,DSL,0,1,1,1,0,0,One year,1,Credit card (automatic),40.4,422.6,0
7293-LSCDV,0,0,1,1,60,1,0,No,0,0,0,0,0,0,Two year,1,Credit card (automatic),19.25,1103.25,0
7025-WCBNE,1,1,0,0,47,1,1,DSL,0,1,0,1,0,0,Two year,0,Bank transfer (automatic),59.6,2754,0
5756-JYOJT,0,0,0,0,11,1,0,DSL,0,0,1,1,0,1,One year,0,Credit card (automatic),64.9,697.25,0
4710-FDUIZ,1,0,1,0,56,1,1,Fiber optic,0,1,0,0,1,1,One year,0,Credit card (automatic),100.3,5614.45,1
6030-REHUX,0,1,1,0,28,1,1,Fiber optic,0,1,1,1,1,1,Month-to-month,1,Electronic check,110.85,3204.4,0
9548-LIGTA,1,0,1,0,61,1,0,DSL,1,1,0,1,1,1,Two year,1,Mailed check,81.05,4747.65,0
5150-LJNSR,1,0,1,1,31,1,1,Fiber optic,1,0,1,0,1,0,One year,0,Bank transfer (automatic),98.05,3082.1,0
8270-RKSAP,1,0,0,0,9,1,0,Fiber optic,0,0,0,0,0,0,Month-to-month,1,Electronic check,70.5,597.9,0
6522-YRBXD,1,1,1,0,35,1,1,Fiber optic,1,1,0,0,0,1,Month-to-month,1,Electronic check,94.55,3365.4,0
2640-LYMOV,1,0,0,0,2,1,0,No,0,0,0,0,0,0,Month-to-month,1,Mailed check,19.65,38.8,0
1218-VKFPE,0,0,1,1,12,1,0,No,0,0,0,0,0,0,Month-to-month,0,Mailed check,19,233.55,1
3627-FHKBK,0,0,0,0,1,1,0,Fiber optic,1,0,0,0,0,0,Month-to-month,0,Mailed check,75.3,75.3,1
2865-TCHJW,0,1,0,0,4,1,1,Fiber optic,0,0,1,0,1,0,Month-to-month,1,Electronic check,89.2,346.2,1
1423-BMPBQ,0,0,1,1,1,1,0,No,0,0,0,0,0,0,Month-to-month,1,Mailed check,19,19,0
2393-DIVAI,0,0,0,0,3,1,0,No,0,0,0,0,0,0,Month-to-month,1,Mailed check,20,61.7,0
5192-EBGOV,0,1,0,0,1,1,1,Fiber optic,0,0,0,0,1,0,Month-to-month,1,Electronic check,85.7,85.7,1
4568-KNYWR,1,0,0,0,52,1,0,DSL,1,1,0,0,1,0,Two year,1,Credit card (automatic),63.25,3342.45,0
8752-IMQOS,1,0,1,1,5,1,0,No,0,0,0,0,0,0,One year,0,Mailed check,20.1,85.1,0
0742-LAFQK,1,0,1,0,72,1,1,Fiber optic,1,1,1,0,0,1,Two year,1,Electronic check,99.15,7422.1,0
0795-LAFGP,1,0,1,1,71,1,1,DSL,1,1,1,1,1,1,Two year,0,Electronic check,90.4,6668.05,0
0619-OLYUR,1,0,1,0,72,1,1,Fiber optic,1,0,1,1,1,1,Two year,1,Credit card (automatic),111.9,8071.05,0
5512-IDZEI,1,0,1,1,46,1,1,No,0,0,0,0,0,0,One year,0,Electronic check,24.9,1174.8,0
0459-SPZHJ,1,0,1,1,63,1,1,DSL,1,1,1,0,1,1,Two year,0,Credit card (automatic),83.5,5435,0
0215-BQKGS,1,0,0,0,30,1,0,Fiber optic,1,1,1,0,0,0,Month-to-month,1,Credit card (automatic),84.3,2438.6,0
9244-ZVAPM,1,0,0,0,1,1,0,DSL,0,0,0,0,0,0,Month-to-month,0,Mailed check,45.6,45.6,0
0719-SYFRB,0,0,0,0,12,1,1,DSL,1,0,1,1,0,0,Month-to-month,1,Mailed check,61.65,713.75,1
8208-EUMTE,1,0,0,0,16,0,0,DSL,1,1,1,1,1,0,Two year,0,Mailed check,54.85,916.15,0
5172-MIGPM,1,0,0,0,4,1,1,DSL,0,0,0,1,0,1,Month-to-month,0,Mailed check,65.55,237.2,0
1710-RCXUS,1,0,1,0,51,1,1,Fiber optic,0,1,0,0,0,1,One year,1,Credit card (automatic),90.35,4614.55,0
0374-FIUCA,1,0,1,0,65,1,0,No,0,0,0,0,0,0,Two year,1,Credit card (automatic),20.4,1414.45,0
5839-SUYVZ,1,0,0,0,16,1,0,Fiber optic,0,0,0,1,0,0,Month-to-month,1,Credit card (automatic),74.55,1170.5,0
5173-ZXXXL,1,0,0,0,2,1,0,No,0,0,0,0,0,0,One year,0,Mailed check,19.95,47.7,0
1096-ADRUX,0,0,1,1,66,1,1,Fiber optic,0,0,0,0,0,0,One year,1,Bank transfer (automatic),74.25,4859.25,0
2001-MCUUW,1,0,0,0,46,1,1,Fiber optic,0,1,1,1,1,1,Two year,0,Electronic check,108.65,4903.2,0
2731-GJRDG,0,0,0,0,32,1,1,Fiber optic,1,0,1,1,1,1,One year,1,Bank transfer (automatic),109.55,3608,0
4723-BEGSG,1,0,1,0,72,1,1,DSL,1,0,1,1,1,1,Two year,0,Credit card (automatic),86.65,6094.25,0
6516-NKQBO,1,0,1,1,38,1,0,DSL,1,0,1,1,1,1,Two year,0,Credit card (automatic),81,3084.9,0
8672-OAUPW,1,0,0,1,51,1,0,DSL,0,0,0,1,0,0,One year,0,Credit card (automatic),47.85,2356.75,0
8207-DMRVL,1,0,1,1,72,1,1,Fiber optic,1,1,1,1,1,1,Two year,0,Bank transfer (automatic),114.55,8306.05,0
3419-SNJJD,0,1,1,0,65,1,1,Fiber optic,1,0,1,0,1,1,Month-to-month,0,Bank transfer (automatic),105.25,6786.4,1
6543-CPZMK,1,0,1,1,9,0,0,DSL,0,1,0,0,0,0,Month-to-month,1,Electronic check,29.95,248.95,1
4765-OXPPD,0,0,1,1,9,1,0,DSL,1,1,1,1,0,0,Month-to-month,0,Mailed check,65,663.05,1
2804-ETQDK,1,0,0,1,66,1,0,No,0,0,0,0,0,0,Two year,0,Mailed check,20.55,1357.1,0
6689-VRRTK,0,1,0,0,44,1,1,Fiber optic,1,1,1,0,1,1,One year,1,Credit card (automatic),109.8,4860.35,0
7138-GIRSH,1,0,0,0,50,1,1,DSL,0,0,1,1,0,1,Two year,0,Bank transfer (automatic),69.5,3418.2,0
9396-ZSFLL,0,0,0,0,15,1,1,DSL,0,0,0,0,0,0,Month-to-month,0,Mailed check,48.85,631.4,0
6464-KEXXH,1,0,0,0,8,0,0,DSL,0,0,0,0,0,0,Month-to-month,1,Credit card (automatic),25.25,186.3,0
7134-MJPDY,0,1,0,0,66,1,1,Fiber optic,0,0,1,1,1,1,One year,1,Credit card (automatic),102.85,6976.75,0
5240-CAOYT,0,0,0,0,57,1,1,Fiber optic,1,1,0,1,0,0,Month-to-month,1,Bank transfer (automatic),87.55,4884.85,0
4059-IIEBK,0,0,0,0,7,1,1,Fiber optic,0,1,0,0,0,0,Month-to-month,1,Bank transfer (automatic),78.55,522.95,0
4881-JVQOD,1,1,1,1,10,0,0,DSL,0,0,0,0,0,1,Month-to-month,1,Bank transfer (automatic),34.55,362.6,0
0516-UXRMT,0,0,0,0,62,1,1,Fiber optic,1,1,1,0,0,0,One year,1,Electronic check,92.05,5755.8,0
4851-BQDNX,1,0,1,1,40,1,0,Fiber optic,0,0,1,0,1,0,One year,1,Electronic check,85.05,3355.65,0
5148-HKFIR,0,0,0,0,20,1,0,No,0,0,0,0,0,0,Two year,0,Mailed check,19.7,406.95,0
1009-IRMNA,0,0,0,0,7,1,0,No,0,0,0,0,0,0,Month-to-month,0,Bank transfer (automatic),20,137.6,1
3003-CMDUU,0,0,1,0,25,1,0,Fiber optic,0,0,0,1,1,1,Month-to-month,1,Electronic check,95.15,2395.7,0
5016-IBERQ,1,0,1,0,23,1,1,Fiber optic,0,1,1,0,0,0,Month-to-month,0,Electronic check,84.25,1968.1,0
6797-UCJHZ,0,1,1,0,66,1,1,Fiber optic,0,1,1,0,1,1,One year,0,Credit card (automatic),104.6,6819.45,0
2469-DTSGX,0,1,0,0,72,1,1,Fiber optic,0,1,1,1,1,1,Two year,0,Electronic check,111.65,7943.45,0
4554-YGZIH,1,1,1,0,49,1,1,Fiber optic,0,1,0,0,0,1,Month-to-month,0,Credit card (automatic),90.05,4547.25,1
5099-BAILX,1,1,1,1,43,1,1,Fiber optic,0,1,1,1,1,1,Month-to-month,1,Bank transfer (automatic),110.75,4687.9,1
9931-KGHOA,0,0,1,0,46,1,1,DSL,1,0,0,0,0,0,Month-to-month,0,Bank transfer (automatic),55,2473.95,0
1775-KWJKQ,1,0,1,1,72,1,1,DSL,1,1,1,1,1,1,Two year,0,Credit card (automatic),89.85,6562.9,0
7665-VIGUD,1,0,0,0,10,1,0,No,0,0,0,0,0,0,One year,0,Mailed check,20.35,176.3,0
9411-TPQQV,0,0,0,0,40,0,0,DSL,1,0,0,1,1,1,One year,1,Bank transfer (automatic),54.55,2236.2,0
7207-RMRDB,0,0,1,1,65,1,1,Fiber optic,0,1,1,0,1,1,Month-to-month,1,Electronic check,105.5,6985.65,1
7954-MLBUN,1,0,0,0,31,1,0,Fiber optic,0,0,1,1,1,1,Two year,0,Bank transfer (automatic),99.45,3109.9,0
2077-DDHJK,0,0,1,0,68,1,1,DSL,1,1,1,1,0,0,Two year,0,Credit card (automatic),70.9,4911.35,0
4913-EHYUI,1,1,1,1,56,1,1,Fiber optic,1,0,1,0,1,1,One year,1,Bank transfer (automatic),104.55,5794.65,1
0195-IESCP,1,0,1,0,10,1,1,Fiber optic,0,0,0,0,0,1,Month-to-month,1,Electronic check,85.25,855.3,1
9574-BOSMD,1,0,1,1,68,1,1,No,0,0,0,0,0,0,Two year,0,Bank transfer (automatic),25.4,1620.2,0
4580-TMHJU,0,0,1,1,43,1,0,DSL,0,0,0,0,1,0,Month-to-month,0,Electronic check,56.15,2499.3,1
0970-ETWGE,1,0,0,0,1,1,0,Fiber optic,0,0,0,0,1,1,Month-to-month,1,Electronic check,89.55,89.55,1
4908-XAXAY,0,1,0,0,49,1,0,Fiber optic,0,1,1,0,0,1,One year,1,Bank transfer (automatic),89.85,4287.2,0
8404-VLQFB,0,0,1,1,15,1,1,No,0,0,0,0,0,0,Month-to-month,1,Electronic check,25.25,394.85,0
1626-ERCMM,1,1,1,0,20,1,1,Fiber optic,0,0,0,0,1,1,Month-to-month,1,Electronic check,94.55,1899.65,1
0887-HJGAR,1,0,0,0,1,1,0,DSL,0,0,0,0,0,0,Month-to-month,1,Mailed check,45.7,45.7,1
2391-IPLOP,1,0,1,1,50,1,1,DSL,0,0,1,1,1,0,One year,1,Electronic check,69.65,3442.15,0
5644-PDMZC,0,1,0,0,2,1,1,Fiber optic,0,1,0,0,0,1,Month-to-month,0,Electronic check,89.5,161.5,1
3509-GWQGF,1,1,0,0,24,1,0,Fiber optic,0,0,0,0,0,0,Month-to-month,0,Credit card (automatic),70,1732.6,0
9576-ANLXO,0,0,0,0,3,1,0,Fiber optic,0,0,0,0,0,0,Month-to-month,1,Bank transfer (automatic),69.55,222.3,1
2024-BASKD,0,0,0,0,1,1,0,Fiber optic,0,0,1,0,0,0,Month-to-month,1,Mailed check,74.6,74.6,1
5845-BZZIB,1,0,1,1,35,1,0,No,0,0,0,0,0,0,Two year,0,Mailed check,20.1,655.3,0
1140-UKVZG,0,0,0,0,17,1,1,No,0,0,0,0,0,0,Month-to-month,0,Mailed check,24.8,475.25,0
4160-AMJTL,0,1,0,0,8,1,0,No,0,0,0,0,0,0,Month-to-month,0,Electronic check,19.65,164.3,1
5183-SNMJQ,1,0,0,0,10,1,0,Fiber optic,0,0,0,1,1,1,Month-to-month,1,Credit card (automatic),95.1,865.1,0
8100-PNJMH,1,0,1,1,68,1,1,DSL,1,1,1,1,1,1,Two year,1,Credit card (automatic),88.85,6132.7,0
7838-LAZFO,1,0,1,0,45,1,0,DSL,1,1,1,0,1,1,One year,0,Bank transfer (automatic),78.8,3597.5,0
4464-JCOLN,1,0,1,1,2,1,0,No,0,0,0,0,0,0,One year,0,Mailed check,19.85,35.9,1
2085-JVGAD,1,0,1,0,37,1,0,No,0,0,0,0,0,0,Month-to-month,0,Bank transfer (automatic),20.35,697.65,0
5650-VDUDS,0,0,0,0,4,0,0,DSL,0,0,0,0,0,0,Month-to-month,1,Mailed check,24.25,96.05,1
8095-WANWK,0,0,0,0,10,1,0,DSL,0,0,0,0,0,0,Month-to-month,0,Mailed check,45.25,428.7,0
3030-ZKIWL,1,0,0,0,1,1,0,No,0,0,0,0,0,0,Month-to-month,0,Mailed check,20.05,20.05,0
9565-FLVCG,1,0,1,1,65,1,1,DSL,1,1,0,0,0,1,Two year,1,Mailed check,69.55,4459.15,0
8755-OGKNA,0,0,1,1,57,1,0,No,0,0,0,0,0,0,Two year,0,Bank transfer (automatic),19.5,1167.6,0
2800-VEQXM,0,0,0,0,3,1,0,Fiber optic,0,0,1,0,0,0,Month-to-month,1,Mailed check,74.75,238.1,0
7538-GWHML,0,0,0,0,2,1,0,Fiber optic,0,0,0,0,0,0,Month-to-month,0,Electronic check,69.65,145.15,1
5533-RJFTJ,1,0,0,0,49,0,0,DSL,0,0,1,0,0,0,Month-to-month,1,Bank transfer (automatic),30.2,1453.1,0
3859-CVCET,0,0,0,0,4,1,0,DSL,0,0,0,0,0,0,Month-to-month,0,Mailed check,45.65,191.05,1
0214-JHPFW,0,0,1,0,70,0,0,DSL,0,1,1,1,1,1,Two year,0,Bank transfer (automatic),57.8,4039.3,0
5642-MHDQT,0,0,1,1,53,1,0,No,0,0,0,0,0,0,One year,1,Bank transfer (automatic),19.85,1039.45,0
3088-FVYWK,1,0,1,1,53,1,1,No,0,0,0,0,0,0,Two year,0,Credit card (automatic),25.55,1336.1,0
3276-HDUEG,0,0,0,0,1,1,1,Fiber optic,0,0,0,0,0,0,Month-to-month,1,Mailed check,75.05,75.05,1
9092-GDZKO,1,0,0,0,22,1,1,No,0,0,0,0,0,0,Month-to-month,1,Credit card (automatic),24.85,493.4,0
0823-HSCDJ,1,1,0,0,52,0,0,DSL,0,1,0,0,1,1,Month-to-month,1,Electronic check,49.15,2550.9,1
3729-OWRVL,1,1,0,0,65,1,1,Fiber optic,1,0,1,1,1,1,Two year,1,Electronic check,110.35,7246.15,0
2324-AALNO,0,0,0,0,48,1,1,No,0,0,0,0,0,0,One year,0,Bank transfer (automatic),24.55,1203.95,0
0822-GAVAP,0,0,0,0,2,0,0,DSL,0,0,0,0,0,1,Month-to-month,1,Electronic check,34.7,62.25,1
5760-IFJOZ,1,0,0,0,3,1,1,Fiber optic,0,1,1,0,1,1,Month-to-month,0,Mailed check,107.95,313.6,0
2826-UWHIS,1,0,1,0,45,1,1,Fiber optic,0,1,0,0,0,0,Month-to-month,0,Bank transfer (automatic),81.4,3775.85,0
1448-PWKYE,1,0,1,1,1,1,0,Fiber optic,0,0,0,0,0,1,Month-to-month,0,Electronic check,80,80,1
7501-IWUNG,0,0,1,1,61,1,0,DSL,0,0,1,1,1,1,Two year,1,Bank transfer (automatic),73.8,4616.05,0
4957-TREIR,1,0,0,0,3,1,0,DSL,1,0,0,1,1,0,Month-to-month,1,Credit card (automatic),64.4,195.65,0
7251-LJBQN,0,1,0,0,40,1,1,Fiber optic,0,0,1,1,1,1,One year,1,Credit card (automatic),103.75,4188.4,0
8040-MNRTF,0,0,0,0,1,1,0,Fiber optic,0,0,0,0,0,0,Month-to-month,0,Mailed check,71.1,71.1,0
1536-HBSWP,0,0,0,0,1,1,0,DSL,0,0,0,1,0,0,Month-to-month,1,Electronic check,49.9,49.9,0
5313-FPXWG,1,0,0,0,51,1,1,No,0,0,0,0,0,0,One year,1,Bank transfer (automatic),24.6,1266.4,0
0067-DKWBL,1,1,0,0,2,1,0,DSL,1,0,0,0,0,0,Month-to-month,1,Electronic check,49.25,91.1,1
0946-FKYTX,1,0,0,0,52,0,0,DSL,0,1,0,0,0,0,One year,0,Mailed check,30.1,1623.4,0
5076-YVXCM,1,0,0,0,51,1,1,Fiber optic,0,0,0,0,0,1,Month-to-month,0,Bank transfer (automatic),83.4,4149.45,0
8262-COGGB,1,0,0,0,1,1,0,No,0,0,0,0,0,0,Month-to-month,1,Mailed check,20.45,20.45,0
6663-JOCQO,1,0,1,1,31,1,1,DSL,1,1,0,1,0,1,One year,1,Bank transfer (automatic),75.25,2344.5,0
9620-QJREV,1,0,0,1,47,1,0,No,0,0,0,0,0,0,One year,0,Credit card (automatic),20.55,1013.05,0
2276-YDAVZ,0,0,0,0,3,1,1,Fiber optic,0,0,0,0,0,0,Month-to-month,1,Credit card (automatic),75.1,270.7,1
2682-KEVRP,0,1,0,0,22,1,0,No,0,0,0,0,0,0,One year,1,Mailed check,20.05,417,0
2480-JZOSN,0,0,1,0,1,1,0,No,0,0,0,0,0,0,Month-to-month,1,Mailed check,20.65,20.65,0
0078-XZMHT,1,0,1,0,72,1,1,DSL,0,1,1,1,1,1,Two year,1,Bank transfer (automatic),85.15,6316.2,0
5896-NPFWW,1,0,1,1,3,1,0,DSL,0,0,1,0,0,0,Month-to-month,1,Electronic check,50.15,168.15,1
9978-HYCIN,1,1,1,1,47,1,0,Fiber optic,0,1,0,0,1,0,One year,1,Bank transfer (automatic),84.95,4018.05,0
8338-QIUNR,1,0,1,1,72,1,1,DSL,1,0,1,1,0,0,Two year,1,Credit card (automatic),66.5,4811.6,0
1525-LNLOJ,1,0,1,1,66,1,1,DSL,0,0,1,0,1,0,Two year,1,Bank transfer (automatic),63.3,4189.7,0
9450-TRJUU,1,0,0,0,35,1,1,Fiber optic,0,0,0,0,1,0,Month-to-month,0,Electronic check,83.15,2848.45,0
1766-GKNMI,1,0,0,0,29,1,1,Fiber optic,0,0,0,0,0,1,Month-to-month,1,Electronic check,84.9,2516.2,0
6942-LBFDP,0,0,0,0,2,1,0,No,0,0,0,0,0,0,Month-to-month,1,Mailed check,20.55,33.6,0
1456-TWCGB,1,0,0,0,4,1,0,DSL,0,1,0,0,0,0,Month-to-month,0,Mailed check,49.25,208.45,0
7133-VBDCG,0,0,0,0,25,1,0,Fiber optic,1,1,0,0,0,0,Month-to-month,1,Bank transfer (automatic),79.85,2015.35,1
7596-ZYWBB,0,0,0,0,65,1,0,DSL,1,1,0,1,0,0,Two year,1,Mailed check,59.6,3739.8,0
8329-UTMVM,1,1,0,0,27,1,1,Fiber optic,0,1,0,1,1,1,One year,1,Bank transfer (automatic),104.65,2964,0
3014-WJKSM,1,0,1,0,29,1,0,Fiber optic,0,0,1,0,0,0,Month-to-month,1,Credit card (automatic),75.3,2263.4,0
3347-YJZZE,1,0,1,1,29,1,1,DSL,0,1,1,0,1,1,Month-to-month,0,Credit card (automatic),80.1,2211.8,0
1029-QFBEN,1,0,0,0,1,1,0,No,0,0,0,0,0,0,Month-to-month,0,Mailed check,19.55,19.55,1
7929-DMBCV,0,0,1,0,20,1,0,Fiber optic,0,0,1,1,0,0,Month-to-month,1,Mailed check,81,1683.7,0
9661-JALZV,0,0,0,0,58,1,1,No,0,0,0,0,0,0,Two year,1,Credit card (automatic),24.7,1519,0
5433-KYGHE,0,0,0,1,14,1,1,Fiber optic,1,0,0,1,0,0,Month-to-month,1,Mailed check,86,1164.05,0
4312-KFRXN,1,0,1,0,72,1,1,No,0,0,0,0,0,0,Two year,0,Mailed check,25.4,1710.9,0
5575-TPIZQ,1,0,0,0,46,1,1,Fiber optic,1,0,0,0,1,0,Month-to-month,1,Credit card (automatic),89.15,4245.55,0
0114-IGABW,0,0,1,0,71,0,0,DSL,0,1,1,1,1,1,Two year,0,Bank transfer (automatic),58.25,4145.9,0
9944-AEXBM,1,0,0,0,32,1,1,Fiber optic,0,0,0,0,0,1,Month-to-month,1,Bank transfer (automatic),85.65,2664.3,0
1853-ARAAQ,0,0,0,0,26,0,0,DSL,0,0,1,0,1,1,Month-to-month,1,Credit card (automatic),50.35,1277.5,0
6952-OMNWB,1,1,1,0,68,1,1,Fiber optic,0,0,1,0,0,0,Month-to-month,1,Credit card (automatic),80.35,5589.3,0
4697-LUPSU,1,0,1,1,2,1,0,No,0,0,0,0,0,0,One year,0,Mailed check,20.2,34.75,0
8434-VGEQQ,1,0,1,1,61,1,0,No,0,0,0,0,0,0,Two year,0,Credit card (automatic),20.55,1305.95,0
4952-YSOGZ,0,0,1,1,4,1,1,Fiber optic,0,0,0,0,0,1,Month-to-month,1,Electronic check,85.95,381.3,1
1589-AGTLK,1,0,0,0,3,1,0,DSL,0,0,0,0,0,0,Month-to-month,1,Electronic check,45.35,141.5,1
5244-IRFIH,1,1,1,0,33,1,1,Fiber optic,0,0,0,0,1,1,Month-to-month,1,Electronic check,94.5,3105.55,1
6549-YMFAW,1,1,1,0,9,1,0,No,0,0,0,0,0,0,Month-to-month,1,Mailed check,21.25,204.55,0
4950-HKQTE,0,0,0,0,22,1,1,No,0,0,0,0,0,0,Two year,0,Mailed check,26.25,605.9,0
6786-OBWQR,0,0,1,1,5,1,0,Fiber optic,0,0,0,0,1,0,Month-to-month,1,Electronic check,80.85,356.1,0
2684-EIWEO,0,1,0,0,30,1,1,Fiber optic,1,1,1,0,0,0,Month-to-month,0,Credit card (automatic),91.7,2758.15,1
2753-JMMCV,1,0,0,0,65,1,1,DSL,0,1,1,1,0,1,Two year,1,Credit card (automatic),74.2,4805.65,0
6439-GTPCA,0,0,0,0,45,1,1,Fiber optic,0,0,1,1,0,0,Month-to-month,1,Electronic check,87.25,3941.7,1
6621-YOBKI,1,0,0,0,5,1,0,No,0,0,0,0,0,0,Month-to-month,0,Mailed check,20.35,92.75,0
1216-JWVUX,1,0,1,1,25,1,0,Fiber optic,0,1,0,0,0,0,Month-to-month,1,Electronic check,75.5,1901.05,0
7564-GHCVB,0,0,1,1,72,1,1,Fiber optic,1,0,0,0,0,0,Two year,0,Bank transfer (automatic),79.05,5730.7,0
1173-NOEYG,0,0,1,0,27,1,1,Fiber optic,0,0,1,0,0,1,Month-to-month,0,Bank transfer (automatic),90.15,2423.4,0
7595-EHCDL,1,0,1,1,32,0,0,DSL,0,0,1,0,1,1,Month-to-month,0,Credit card (automatic),50.6,1653.45,0
6647-ZEDXT,0,0,0,0,30,1,1,Fiber optic,0,1,1,1,1,1,One year,0,Credit card (automatic),110.45,3327.05,0
2521-NPUZR,1,0,1,0,70,1,0,Fiber optic,1,1,1,1,0,1,Two year,0,Credit card (automatic),101,7085.5,0
1307-TVUFB,1,1,0,0,42,1,1,Fiber optic,0,1,0,0,0,0,Month-to-month,1,Bank transfer (automatic),79.35,3344.1,0
7503-MIOGA,0,1,1,0,72,1,1,DSL,1,1,1,1,1,1,Two year,1,Bank transfer (automatic),89.85,6697.35,0
4381-MHQDC,0,0,0,0,47,1,1,DSL,1,0,1,1,0,0,Two year,1,Mailed check,65,2879.9,0
6923-JHPMP,0,0,0,0,2,1,0,Fiber optic,1,0,1,0,0,0,Month-to-month,1,Electronic check,80.45,137.1,0
5138-WVKYJ,1,0,0,0,10,1,1,Fiber optic,1,0,0,0,1,1,Month-to-month,0,Electronic check,98.55,1008.55,1
4018-PPNDW,0,0,1,1,61,1,1,No,0,0,0,0,0,0,Two year,1,Mailed check,24.1,1551.6,0
1635-FJFCC,0,0,0,0,5,1,0,DSL,0,0,0,0,0,0,Month-to-month,1,Credit card (automatic),44.05,202.15,0
2499-AJYUA,0,1,1,0,72,1,1,Fiber optic,0,1,1,1,1,1,Two year,1,Credit card (automatic),110.8,7882.25,0
6919-ELBGL,1,1,1,1,72,1,1,Fiber optic,1,1,1,1,1,1,Two year,1,Bank transfer (automatic),114.95,8196.4,0
3966-HRMZA,0,1,0,0,3,1,0,Fiber optic,0,0,1,0,0,0,Month-to-month,0,Mailed check,75.05,202.9,0
6425-JWTDV,1,0,1,0,48,1,0,No,0,0,0,0,0,0,Two year,0,Mailed check,19.25,855.1,0
8405-IGQFX,0,0,0,0,63,1,0,Fiber optic,0,0,1,1,1,0,One year,1,Credit card (automatic),90.05,5817,0
8224-IVVPA,0,0,0,0,27,1,0,DSL,1,1,0,0,0,0,Month-to-month,1,Mailed check,56.7,1652.95,0
9477-LGWQI,1,0,1,1,70,1,0,DSL,1,1,1,0,1,1,Two year,1,Credit card (automatic),80.15,5600.15,0
1410-RSCMR,1,0,1,1,7,1,0,DSL,1,0,1,1,0,1,Month-to-month,1,Credit card (automatic),71.35,515.75,0
3115-CZMZD,1,0,0,1,0,1,0,No,0,0,0,0,0,0,Two year,0,Mailed check,20.25,null,0
0139-IVFJG,0,0,1,0,2,1,0,Fiber optic,1,1,0,0,1,0,Month-to-month,0,Electronic check,90.35,190.5,0
6683-VLCTZ,1,1,0,0,20,1,1,Fiber optic,0,0,1,0,1,1,Month-to-month,1,Electronic check,98.55,1842.8,1
5730-DBDSI,1,0,0,0,66,1,0,No,0,0,0,0,0,0,Two year,0,Bank transfer (automatic),19.7,1253.8,0
0030-FNXPP,0,0,0,0,3,1,0,No,0,0,0,0,0,0,Month-to-month,0,Mailed check,19.85,57.2,0
2189-WWOEW,0,0,0,1,15,1,0,Fiber optic,0,1,0,0,0,1,Month-to-month,1,Bank transfer (automatic),85.9,1269.55,1
5684-FJVYR,0,0,1,1,72,1,1,Fiber optic,1,1,0,1,0,0,Two year,1,Bank transfer (automatic),90.35,6563.4,0
4013-GUXND,1,0,0,0,1,1,0,No,0,0,0,0,0,0,Month-to-month,0,Mailed check,20.8,20.8,0
1894-IGFSG,0,0,0,0,22,1,0,Fiber optic,0,0,0,0,1,1,Month-to-month,0,Electronic check,89.25,1907.85,1
7379-POKDZ,1,0,1,0,3,1,0,Fiber optic,0,0,0,0,0,0,Month-to-month,1,Electronic check,70.3,208.85,1
1266-NZYUI,0,0,1,1,72,1,1,DSL,1,0,1,1,0,0,Two year,0,Bank transfer (automatic),66.85,4758.8,0
7969-FFOWG,1,0,1,1,65,1,0,No,0,0,0,0,0,0,Two year,0,Mailed check,19.9,1292.6,0
4718-DHSMV,0,0,0,0,11,0,0,DSL,0,0,0,0,1,0,Month-to-month,1,Mailed check,35.8,363.15,0
5175-WLYXL,1,0,0,0,22,1,1,Fiber optic,0,1,0,0,0,0,Month-to-month,1,Mailed check,78.85,1600.25,0
7817-OMJNA,1,0,0,0,14,1,0,No,0,0,0,0,0,0,One year,0,Bank transfer (automatic),20.4,275.7,0
8728-SKJLR,1,0,0,0,41,1,0,Fiber optic,0,0,0,1,0,0,Month-to-month,1,Electronic check,74.25,3089.1,0
3137-NYQQI,1,0,1,0,17,1,0,DSL,1,1,0,0,0,1,One year,0,Mailed check,64.8,1175.6,0
7706-DZNKK,1,0,0,0,11,1,0,No,0,0,0,0,0,0,Month-to-month,1,Credit card (automatic),20.45,237.3,0
0236-HFWSV,1,0,0,0,15,1,1,Fiber optic,0,0,0,0,1,1,Month-to-month,1,Electronic check,93.35,1444.65,1
3900-AQPHZ,0,0,0,0,1,1,0,No,0,0,0,0,0,0,Month-to-month,0,Mailed check,19.9,19.9,1
5842-POCOP,0,0,1,0,5,1,0,Fiber optic,1,0,1,0,0,1,Month-to-month,1,Mailed check,88.9,454.15,1
2037-XJFUP,1,0,1,0,33,1,0,Fiber optic,0,0,1,0,1,1,One year,1,Electronic check,95.8,3036.75,1
8823-RLPWL,0,0,1,0,72,1,1,Fiber optic,1,1,1,0,1,1,Two year,1,Credit card (automatic),110.65,8065.65,0
9505-SQFSW,0,0,1,1,3,0,0,DSL,0,1,0,0,0,1,Month-to-month,0,Mailed check,40.3,92.5,0
7314-OXENN,1,0,0,0,2,1,1,Fiber optic,0,1,0,0,0,0,Month-to-month,1,Electronic check,82,184.65,1
3758-CKOQL,0,0,1,0,59,1,1,Fiber optic,1,1,1,1,0,1,One year,1,Credit card (automatic),107,6152.3,0
0322-CHQRU,1,0,0,0,2,1,0,DSL,0,0,0,0,0,0,Month-to-month,0,Electronic check,45.35,89.5,1
5676-CFLYY,1,0,1,1,71,1,0,DSL,0,1,0,1,1,1,Two year,1,Credit card (automatic),73.35,5154.5,0
7521-AFHAB,0,0,1,1,5,1,0,DSL,0,0,0,0,0,0,Month-to-month,0,Mailed check,44.8,220.45,0
0285-INHLN,1,0,1,1,27,1,0,DSL,1,1,0,0,0,0,Month-to-month,1,Credit card (automatic),54.75,1510.3,0
4678-DVQEO,0,0,0,0,1,1,0,DSL,0,0,0,1,0,0,Month-to-month,1,Electronic check,52.2,52.2,1
5125-CNDSP,1,0,0,1,63,0,0,DSL,1,1,0,1,0,0,One year,1,Bank transfer (automatic),40.6,2588.95,0
0691-IFBQW,0,1,0,0,46,1,1,Fiber optic,1,1,1,0,1,1,One year,1,Electronic check,110,4874.8,1
4992-LTJNE,1,0,1,1,72,1,1,DSL,1,0,0,0,0,0,Two year,0,Bank transfer (automatic),55.3,3983.6,0
2202-OUTMO,0,0,1,0,34,1,1,DSL,1,0,0,1,0,0,Month-to-month,1,Bank transfer (automatic),60.85,2003.6,0
0810-BDHAW,0,0,1,1,24,1,1,DSL,1,1,0,0,1,1,One year,0,Electronic check,78.4,1832.4,0
0229-LFJAF,1,0,0,0,72,1,1,DSL,1,1,1,1,0,0,Two year,0,Bank transfer (automatic),69.65,4908.25,0
7131-ZQZNK,0,0,1,1,60,0,0,DSL,1,0,1,1,1,1,Two year,0,Credit card (automatic),59.85,3590.2,0
3442-ZHHCC,1,0,0,0,68,1,1,DSL,1,1,1,0,0,1,One year,1,Credit card (automatic),76.9,5023,0
5726-CVNYA,0,0,1,1,8,1,0,No,0,0,0,0,0,0,Two year,1,Mailed check,19.85,146.6,0
9871-ELEYA,0,0,0,1,34,1,0,DSL,1,0,1,1,1,0,Two year,0,Credit card (automatic),67.65,2339.3,0
4257-GAESD,0,0,0,0,6,0,0,DSL,0,0,0,0,1,1,Month-to-month,0,Credit card (automatic),45,298.7,0
5173-WXOQV,1,0,1,0,2,1,0,DSL,0,1,0,1,0,1,Month-to-month,1,Mailed check,64.2,143.65,0
2040-OBMLJ,1,0,0,0,31,1,1,Fiber optic,0,0,0,1,0,0,One year,0,Credit card (automatic),81.7,2548.65,0
6286-ZHAOK,0,0,1,1,20,1,1,No,0,0,0,0,0,0,Month-to-month,1,Bank transfer (automatic),25.55,507.4,0
3807-XHCJH,0,0,1,1,1,1,0,No,0,0,0,0,0,0,Month-to-month,0,Electronic check,20,20,0
3009-JWMPU,1,0,0,0,62,1,1,Fiber optic,0,0,1,0,1,1,One year,1,Electronic check,96.75,6125.4,1
5671-RQRLP,0,1,1,0,70,1,1,Fiber optic,0,0,0,0,0,0,Two year,1,Credit card (automatic),75.65,5411.4,0
1450-GALXR,0,0,0,0,10,1,1,Fiber optic,0,0,0,1,1,1,Month-to-month,1,Electronic check,98.5,1058.25,1
8859-AXJZP,1,0,1,1,39,1,1,No,0,0,0,0,0,0,Two year,1,Mailed check,23.8,903.8,0
3174-AKMAS,0,0,1,0,46,1,0,DSL,0,1,0,1,1,0,Two year,1,Credit card (automatic),64.2,3009.5,0
3138-BKYAV,1,0,0,0,6,1,0,Fiber optic,0,1,0,0,1,0,Month-to-month,1,Electronic check,85.35,489.45,1
9926-PJHDQ,0,0,1,1,72,1,1,DSL,0,0,1,0,1,1,Two year,1,Bank transfer (automatic),76.8,5468.45,0
7382-DFJTU,1,0,0,0,18,1,0,DSL,0,0,1,1,0,0,Month-to-month,0,Credit card (automatic),55.2,1058.1,0
2798-NYLMZ,1,0,1,0,71,1,1,Fiber optic,1,0,1,1,1,1,Two year,1,Credit card (automatic),108.55,7616,0
4289-DTDKW,1,0,1,0,40,1,1,Fiber optic,0,1,0,0,1,1,Month-to-month,1,Electronic check,101.3,4113.1,1
1820-TQVEV,1,0,0,0,1,1,0,Fiber optic,0,0,0,0,0,0,Month-to-month,1,Electronic check,69.55,69.55,1
2239-JALAW,1,0,0,0,58,1,1,Fiber optic,0,1,1,0,1,1,One year,1,Bank transfer (automatic),103.25,6017.65,1
4853-RULSV,1,0,0,0,70,1,1,Fiber optic,1,0,0,1,1,1,Two year,1,Credit card (automatic),104,7250.15,1
8098-TDCBU,0,0,1,0,42,1,1,No,0,0,0,0,0,0,Two year,0,Electronic check,25.25,1108.2,0
3551-GAEGL,1,0,1,1,34,0,0,DSL,1,0,0,0,0,0,One year,0,Bank transfer (automatic),30.4,938.65,0
4785-NKHCX,1,1,0,0,5,1,0,No,0,0,0,0,0,0,Month-to-month,0,Bank transfer (automatic),20.05,94.15,0
3196-NVXLZ,0,0,0,0,25,1,1,Fiber optic,0,0,0,0,1,0,Month-to-month,1,Mailed check,84.6,2088.05,0
6275-YDUVO,0,0,0,0,2,1,0,Fiber optic,0,0,1,0,0,1,Month-to-month,1,Mailed check,86.2,178.7,1
0036-IHMOT,0,0,1,1,55,1,0,Fiber optic,0,1,1,1,1,1,One year,1,Bank transfer (automatic),103.7,5656.75,0
0115-TFERT,1,0,1,0,21,1,1,Fiber optic,0,1,1,1,1,1,Month-to-month,1,Electronic check,111.2,2317.1,1
4178-EGMON,1,0,1,0,70,1,1,Fiber optic,1,1,0,1,0,0,Two year,1,Credit card (automatic),88,5986.45,0
4220-TINQT,0,0,1,0,61,1,1,Fiber optic,0,0,1,1,1,1,Month-to-month,1,Electronic check,106.35,6751.35,0
5318-YKDPV,1,0,1,1,43,1,0,DSL,1,0,1,1,1,1,Two year,1,Credit card (automatic),79.15,3566.6,0
7975-TZMLR,1,0,0,0,47,1,1,Fiber optic,0,1,1,0,1,1,One year,1,Electronic check,103.1,4889.3,0
0295-QVKPB,1,0,0,0,5,1,0,DSL,0,0,1,1,1,0,Month-to-month,1,Credit card (automatic),63.95,318.1,0
4335-BSMJS,0,0,0,0,62,1,1,No,0,0,0,0,0,0,Two year,1,Credit card (automatic),25.8,1563.95,0
2311-QYMUQ,0,0,1,1,16,1,0,Fiber optic,0,1,1,0,1,0,Month-to-month,1,Credit card (automatic),89.45,1430.25,1
3643-AHCFP,1,1,1,0,7,1,1,Fiber optic,0,0,0,0,1,1,Month-to-month,1,Bank transfer (automatic),95.6,644.35,1
9146-JRIOX,0,0,1,1,14,1,1,No,0,0,0,0,0,0,Month-to-month,0,Mailed check,25.55,372.45,0
3104-OWCGK,1,0,1,1,60,1,0,Fiber optic,0,1,1,0,1,0,One year,0,Electronic check,90.95,5453.4,1
5337-IIWKZ,1,0,1,1,34,0,0,DSL,0,0,1,1,1,0,Month-to-month,1,Electronic check,44.85,1442.6,0
9101-BWFSS,0,0,1,0,50,1,1,Fiber optic,1,1,0,1,1,1,One year,0,Electronic check,108.55,5610.7,1
9650-VBUOG,1,0,1,1,38,1,1,No,0,0,0,0,0,0,Two year,0,Credit card (automatic),25.05,963.95,0
3487-EARAT,0,0,1,1,70,1,0,DSL,1,1,1,1,0,1,One year,0,Credit card (automatic),74.1,5222.3,0
2672-TGEFF,0,0,1,1,37,1,1,Fiber optic,0,1,0,0,1,0,Month-to-month,1,Electronic check,88.8,3340.55,0
9231-ZJYAM,0,1,0,0,4,1,0,Fiber optic,0,0,0,0,1,0,Month-to-month,1,Electronic check,78.85,292.8,1
4250-WAROZ,1,1,1,1,60,1,1,Fiber optic,1,1,0,0,0,1,Month-to-month,1,Electronic check,93.25,5774.55,0
8184-WMOFI,1,0,1,1,62,1,0,DSL,1,0,1,1,0,1,One year,0,Credit card (automatic),71.4,4487.3,0
6982-SSHFK,1,0,0,0,1,1,0,DSL,0,0,0,0,0,0,Month-to-month,0,Mailed check,44.4,44.4,1
6092-QZVPP,1,0,0,0,36,1,0,DSL,1,0,1,1,1,1,Month-to-month,1,Credit card (automatic),79.2,2854.95,0
4625-LAMOB,1,0,0,0,44,1,0,No,0,0,0,0,0,0,Two year,0,Credit card (automatic),20.4,905.55,0
0727-BMPLR,0,1,0,0,55,1,1,Fiber optic,0,0,1,0,1,1,One year,1,Electronic check,100,5509.3,1
0392-BZIUW,0,0,1,0,72,1,1,Fiber optic,1,0,1,0,1,1,Two year,1,Credit card (automatic),105,7589.8,0
1038-ZAGBI,0,0,1,1,12,1,0,No,0,0,0,0,0,0,One year,0,Bank transfer (automatic),19.8,229.6,1
6549-NNDYT,0,0,0,0,13,0,0,DSL,1,0,0,0,0,0,Month-to-month,1,Bank transfer (automatic),30.85,394.1,0
3027-ZTDHO,1,0,0,0,1,1,0,Fiber optic,0,0,0,0,1,1,Month-to-month,1,Electronic check,89.9,89.9,1
0422-OHQHQ,0,0,1,1,15,1,0,No,0,0,0,0,0,0,One year,0,Mailed check,20.55,295.95,0
6916-HIJSE,0,0,0,0,65,1,0,DSL,1,1,1,1,1,1,Two year,1,Bank transfer (automatic),84.85,5459.2,0
2316-ESMLS,0,0,1,1,12,0,0,DSL,1,0,0,1,0,0,One year,0,Credit card (automatic),33.15,444.75,0
9778-OGKQZ,1,0,1,0,72,1,1,DSL,1,1,1,1,1,1,Two year,1,Credit card (automatic),92,6782.15,0
7408-OFWXJ,0,0,1,1,72,1,1,DSL,1,1,1,1,1,1,Two year,0,Credit card (automatic),89.8,6510.45,0
6007-TCTST,0,0,1,1,72,1,1,Fiber optic,1,1,1,1,1,1,Two year,1,Bank transfer (automatic),115.8,8476.5,0
2252-NKNSI,1,0,0,1,52,1,1,DSL,1,1,0,1,1,1,Two year,1,Mailed check,85.15,4461.85,0
8713-IGZSO,1,0,0,0,2,1,1,No,0,0,0,0,0,0,Month-to-month,0,Mailed check,24.85,62,0
7905-TVXTA,0,0,0,0,5,1,0,DSL,1,0,0,1,1,0,Month-to-month,1,Electronic check,64.35,352.65,0
7695-PKLCZ,0,0,0,0,68,1,0,No,0,0,0,0,0,0,Two year,0,Credit card (automatic),20.5,1424.9,0
2382-BCKQJ,0,0,0,1,62,1,1,Fiber optic,0,0,1,0,1,1,One year,1,Electronic check,100.15,6413.65,1
8374-UULRV,1,0,0,0,72,1,1,DSL,1,1,0,1,1,1,Two year,0,Credit card (automatic),86.05,6309.65,0
2207-NHRJK,1,0,0,0,1,1,0,DSL,0,1,0,0,0,0,Month-to-month,0,Electronic check,50.8,50.8,1
3224-DFQNQ,0,0,1,0,66,1,1,Fiber optic,1,1,0,1,0,0,One year,0,Electronic check,89,5898.6,0
5275-PMFUT,1,0,1,1,72,0,0,DSL,1,1,1,1,1,1,Two year,1,Credit card (automatic),64.8,4719.75,0
4795-UXVCJ,1,0,0,0,26,1,0,No,0,0,0,0,0,0,One year,0,Credit card (automatic),19.8,457.3,0
9777-IQHWP,1,0,1,1,64,1,1,Fiber optic,1,0,1,0,0,1,Two year,0,Bank transfer (automatic),93.4,5822.3,0
0947-MUGVO,1,1,1,0,20,1,0,Fiber optic,0,1,0,0,0,0,Month-to-month,1,Electronic check,73.65,1463.5,1
9944-HKVVB,0,0,0,0,3,1,0,Fiber optic,0,1,0,0,1,1,Month-to-month,1,Electronic check,95.1,307.4,1
4124-MMETB,1,0,0,0,22,1,1,Fiber optic,0,0,0,0,1,1,Month-to-month,1,Credit card (automatic),94.65,2104.55,1
3671-SHRSP,1,0,1,0,4,1,0,Fiber optic,0,0,1,1,0,0,Month-to-month,1,Mailed check,80.6,319.15,1
0979-MOZQI,1,0,1,0,62,0,0,DSL,0,0,0,1,1,0,Two year,1,Bank transfer (automatic),39,2337.45,0
2732-ISEZX,0,0,0,0,5,1,0,No,0,0,0,0,0,0,Month-to-month,1,Mailed check,20.5,104.3,0
3313-QKNKB,1,0,1,0,59,1,1,Fiber optic,0,0,0,0,0,1,One year,0,Electronic check,85.55,5084.65,1
0323-XWWTN,1,0,0,1,3,1,1,No,0,0,0,0,0,0,Two year,1,Mailed check,26.4,121.25,0
1937-OTUKY,0,0,1,0,72,1,1,Fiber optic,1,0,1,1,1,0,Two year,1,Bank transfer (automatic),98.2,7015.9,0
1573-LGXBA,1,0,1,1,57,1,0,Fiber optic,0,1,1,0,1,1,One year,1,Credit card (automatic),97.55,5598,0
1764-VUUMT,1,0,0,1,66,1,0,No,0,0,0,0,0,0,Two year,0,Credit card (automatic),19.95,1269.1,0
5073-WXOYN,0,0,0,0,60,0,0,DSL,0,1,0,0,1,1,Month-to-month,1,Electronic check,50.8,3027.4,1
4713-ZBURT,1,0,0,1,45,1,1,Fiber optic,0,0,1,0,1,1,Two year,0,Bank transfer (automatic),99.7,4634.35,0
3050-GBUSH,0,0,0,0,3,0,0,DSL,0,0,0,0,1,0,Month-to-month,1,Credit card (automatic),34.8,113.95,0
0207-MDKNV,0,0,0,0,15,1,0,Fiber optic,1,0,1,1,1,1,Month-to-month,0,Electronic check,105.1,1582.75,1
7876-AEHIG,0,0,0,1,51,0,0,DSL,1,0,1,1,1,1,One year,0,Bank transfer (automatic),60.15,3077,0
7945-HLKEA,0,0,0,0,60,1,1,DSL,1,0,1,1,0,0,One year,0,Electronic check,64.75,4039.5,0
9342-VNIMQ,1,0,0,0,33,1,1,DSL,0,1,0,0,0,0,Month-to-month,1,Bank transfer (automatic),54.65,1665.2,0
9851-KIELU,1,0,0,0,10,1,0,Fiber optic,1,1,1,1,1,1,Month-to-month,1,Electronic check,110.1,1043.3,1
3523-BRGUW,1,1,0,0,26,1,0,No,0,0,0,0,0,0,One year,0,Credit card (automatic),19.3,504.2,0
3908-BLSYF,0,0,0,0,6,1,0,Fiber optic,0,0,1,0,0,1,Month-to-month,0,Electronic check,83.9,497.55,1
3199-NPKCN,0,0,1,0,67,1,1,Fiber optic,1,0,1,1,1,1,One year,1,Electronic check,111.25,7511.65,0
5170-PTRKA,0,0,1,1,49,0,0,DSL,1,0,0,1,0,0,One year,1,Credit card (automatic),35.8,1782,0
4661-NJEUX,1,0,0,0,1,1,0,No,0,0,0,0,0,0,Month-to-month,1,Mailed check,20.05,20.05,0
2123-AGEEN,0,1,0,0,7,1,0,Fiber optic,0,0,1,0,1,0,Month-to-month,1,Electronic check,84.35,609.65,0
1258-YMZNM,0,1,0,0,27,1,1,Fiber optic,1,1,1,0,1,1,One year,1,Bank transfer (automatic),110.5,2857.6,0
0048-LUMLS,1,0,1,1,37,1,0,Fiber optic,0,0,0,0,1,1,One year,0,Credit card (automatic),91.2,3247.55,0
7549-MYGPK,0,0,1,1,63,1,1,Fiber optic,1,1,1,0,1,0,Month-to-month,1,Electronic check,100.55,6215.35,1
5898-IGSLP,1,0,1,1,31,1,1,Fiber optic,1,0,1,1,0,0,Month-to-month,0,Electronic check,89.3,2823,0
3804-RVTGV,1,0,1,1,50,1,1,Fiber optic,0,1,1,0,1,1,Month-to-month,1,Bank transfer (automatic),103.85,5017.9,1
6259-WJQLC,1,1,0,0,32,1,1,Fiber optic,0,0,1,0,0,0,Month-to-month,1,Credit card (automatic),81.1,2619.25,0
9227-LUNBG,0,0,0,0,1,0,0,DSL,0,0,0,0,0,0,Month-to-month,0,Electronic check,24.6,24.6,1
7997-EASSD,0,0,1,0,63,1,1,Fiber optic,0,0,0,1,0,0,One year,1,Credit card (automatic),81.2,4965.1,0
0730-KOAVE,1,0,0,0,30,1,1,Fiber optic,1,1,0,0,0,1,Month-to-month,1,Credit card (automatic),94.3,2679.7,0
8975-SKGRX,1,0,1,0,71,1,1,Fiber optic,1,1,1,1,1,1,Two year,1,Bank transfer (automatic),116.1,8310.55,0
0678-RLHVP,0,0,0,0,53,1,1,Fiber optic,0,1,1,0,1,1,Two year,0,Electronic check,105.55,5682.25,0
4315-MURBD,0,0,0,0,12,1,0,Fiber optic,1,0,0,1,1,1,Month-to-month,1,Bank transfer (automatic),98.9,1120.95,1
2267-FPIMA,1,0,1,0,50,1,1,Fiber optic,1,1,0,0,0,1,Month-to-month,1,Credit card (automatic),94.4,4914.9,0
1051-GEJLJ,0,0,0,0,2,1,0,No,0,0,0,0,0,0,Month-to-month,0,Mailed check,19.5,27.55,0
9734-YWGEX,0,0,0,0,9,1,1,Fiber optic,0,0,1,0,1,1,Month-to-month,0,Credit card (automatic),98.3,923.5,1
2719-BDAQO,1,0,0,0,17,1,0,Fiber optic,1,0,0,0,1,1,Month-to-month,0,Electronic check,93.85,1625.65,1
5285-MVEHD,0,0,1,0,56,1,0,Fiber optic,1,1,1,0,1,1,One year,1,Credit card (automatic),105.6,6068.65,0
0379-DJQHR,1,0,1,1,67,1,0,DSL,1,1,1,0,1,1,Two year,0,Credit card (automatic),81.35,5398.6,0
0781-LKXBR,1,1,0,0,9,1,1,Fiber optic,0,0,1,0,1,1,Month-to-month,1,Electronic check,100.5,918.6,1
5543-QDCRY,1,0,0,0,4,1,0,DSL,0,0,0,0,1,0,Month-to-month,1,Electronic check,56.4,234.85,0
0297-RBCSG,1,0,0,0,19,1,0,DSL,0,1,0,1,0,1,One year,1,Bank transfer (automatic),65.35,1231.85,0
4694-PHWFW,0,0,0,1,8,1,0,No,0,0,0,0,0,0,Month-to-month,0,Mailed check,19.95,170.9,0
0835-JKADZ,0,0,0,0,71,1,1,Fiber optic,0,1,1,1,1,1,Two year,1,Electronic check,111.25,7984.15,0
1907-UBQFC,1,1,0,0,10,1,0,Fiber optic,0,1,0,0,0,0,Month-to-month,1,Electronic check,72.85,688.65,1
7508-SMHXL,0,1,0,0,15,1,1,Fiber optic,0,1,0,0,1,0,Month-to-month,0,Credit card (automatic),89,1288.3,0
3865-YIOTT,1,0,1,1,72,1,1,Fiber optic,1,0,1,0,1,1,One year,1,Bank transfer (automatic),106.1,7848.5,0
5993-BQHEA,1,0,0,0,12,1,0,No,0,0,0,0,0,0,One year,0,Credit card (automatic),20.05,267,0
6024-RUGGH,1,0,1,1,72,1,1,No,0,0,0,0,0,0,Two year,1,Bank transfer (automatic),25.2,1798.9,0
6513-EECDB,1,1,1,0,1,1,1,Fiber optic,0,0,0,0,0,0,Month-to-month,1,Electronic check,73.55,73.55,1
3956-CJUST,0,1,0,0,23,1,0,Fiber optic,1,0,0,0,0,0,Month-to-month,1,Bank transfer (automatic),75.4,1643.55,0
4079-WWQQQ,1,0,0,0,72,0,0,DSL,1,1,1,1,1,1,Two year,1,Bank transfer (automatic),65.55,4807.45,0
6103-BOCOU,0,0,0,0,26,1,1,Fiber optic,0,0,1,0,0,0,Month-to-month,1,Electronic check,80.7,2193,0
5149-TGWDZ,0,0,0,0,21,1,0,Fiber optic,0,1,1,1,1,1,One year,1,Mailed check,104.55,2239.4,0
7471-WNSUF,1,0,1,0,60,1,1,No,0,0,0,0,0,0,One year,0,Bank transfer (automatic),24.15,1505.9,0
8942-DBMHZ,1,0,0,0,12,1,0,No,0,0,0,0,0,0,Month-to-month,0,Mailed check,20.45,255.35,0
4301-VVZKA,1,0,1,0,16,1,1,Fiber optic,0,0,0,0,0,0,Month-to-month,1,Electronic check,75.4,1189.4,0
9199-PWQVC,0,0,1,0,63,1,1,DSL,1,1,0,0,1,1,One year,1,Credit card (automatic),79.7,4786.15,0
4824-GUCBY,0,1,0,0,22,1,0,Fiber optic,1,1,0,0,0,0,Month-to-month,0,Electronic check,81.7,1820.9,0
5393-HJZSM,0,0,1,1,32,1,0,DSL,1,1,1,1,0,1,Month-to-month,0,Bank transfer (automatic),76.3,2404.15,0
7074-IEVOJ,0,1,0,0,3,1,1,Fiber optic,0,1,0,0,0,0,Month-to-month,1,Electronic check,79.4,205.05,1
9625-QSTYE,0,0,0,0,13,1,0,Fiber optic,0,1,1,0,0,0,Month-to-month,1,Electronic check,81.15,952.3,1
0862-PRCBS,0,0,1,1,68,1,1,Fiber optic,0,1,0,1,1,1,Two year,1,Credit card (automatic),103.75,7039.45,0
8812-ZRHFP,0,0,1,1,30,1,0,Fiber optic,0,0,1,0,0,1,One year,0,Electronic check,86.45,2538.05,0
5146-CBVOE,0,0,0,0,16,1,0,Fiber optic,0,1,0,0,0,0,Month-to-month,0,Bank transfer (automatic),75.1,1212.85,0
0454-OKRCT,1,0,0,0,33,1,0,Fiber optic,0,1,0,1,0,0,Two year,0,Bank transfer (automatic),80.6,2651.1,0
5787-KXGIY,1,0,1,0,72,1,0,No,0,0,0,0,0,0,Two year,0,Credit card (automatic),19.3,1304.8,0
4750-ZRXIU,0,1,0,0,4,1,1,Fiber optic,0,0,0,0,0,1,Month-to-month,1,Electronic check,84.6,360.1,1
4198-VFOEA,0,0,0,0,12,0,0,DSL,1,0,0,1,0,0,One year,1,Mailed check,33.6,435.45,0
6630-UJZMY,0,1,1,0,4,1,1,Fiber optic,0,0,0,0,1,0,Month-to-month,1,Electronic check,83.25,308.05,0
5709-LVOEQ,0,0,1,1,0,1,0,DSL,1,1,1,0,1,1,Two year,0,Mailed check,80.85,null,0
6400-BWQKW,0,0,0,0,6,1,1,Fiber optic,1,0,0,0,0,0,Month-to-month,1,Electronic check,79.05,434.5,1
2692-AQCPF,0,0,1,0,65,1,1,Fiber optic,0,1,1,1,1,1,One year,1,Credit card (automatic),108.05,7118.9,0
0347-UBKUZ,0,0,0,0,15,1,0,No,0,0,0,0,0,0,Month-to-month,0,Mailed check,19.9,320.45,0
0835-DUUIQ,0,0,0,1,24,1,0,No,0,0,0,0,0,0,One year,0,Bank transfer (automatic),21.05,531.55,0
0811-GSDTP,0,0,0,1,13,0,0,DSL,0,1,0,0,0,0,Month-to-month,0,Electronic check,30.15,382.2,0
7567-ECMCM,1,0,0,0,24,1,0,Fiber optic,0,0,0,0,0,1,Month-to-month,1,Credit card (automatic),79.85,2001,0
6115-ZTBFQ,0,0,1,0,72,0,0,DSL,1,1,1,1,1,1,Two year,0,Bank transfer (automatic),65.5,4919.7,0
6353-BRMMA,0,0,1,1,54,1,1,Fiber optic,1,1,0,0,1,1,Month-to-month,1,Bank transfer (automatic),104.1,5645.8,0
6680-WKXRZ,0,0,0,0,3,1,1,Fiber optic,0,0,0,0,0,0,Month-to-month,0,Bank transfer (automatic),74.4,215.8,1
6231-WFGFH,1,0,1,1,4,1,0,No,0,0,0,0,0,0,Month-to-month,1,Mailed check,20.5,77.6,0
9904-EHEVJ,0,1,1,1,32,1,1,Fiber optic,0,0,1,0,1,0,Month-to-month,1,Mailed check,91.35,2896.55,0
7028-DVOIQ,1,1,0,0,35,1,1,Fiber optic,0,0,1,0,1,1,Month-to-month,1,Electronic check,99.05,3395.8,1
6169-PPETC,1,0,1,1,35,1,0,No,0,0,0,0,0,0,Two year,0,Bank transfer (automatic),20.5,759.35,0
4208-UFFGW,1,1,0,0,2,1,0,DSL,0,0,0,0,0,0,Month-to-month,0,Mailed check,44.95,85.15,1
8584-KMVXD,0,0,0,0,8,1,0,Fiber optic,0,1,0,0,0,0,Month-to-month,0,Electronic check,75.6,535.55,0
8467-WYNSR,1,0,0,0,22,1,0,DSL,1,0,0,1,0,0,Month-to-month,0,Mailed check,55.1,1253.15,0
0851-DFJKB,0,0,0,0,15,1,0,DSL,1,0,1,1,0,0,Month-to-month,0,Electronic check,58.95,955.15,0
5382-SOYZL,1,0,0,0,22,1,1,Fiber optic,0,0,0,0,1,1,Month-to-month,1,Electronic check,95.1,2162.6,0
9448-REEVD,1,0,1,0,1,1,0,DSL,0,0,0,0,0,0,Month-to-month,0,Credit card (automatic),44.7,44.7,1
3261-CQXOL,0,0,1,1,71,1,1,No,0,0,0,0,0,0,Two year,0,Bank transfer (automatic),25.45,1813.35,0
8388-FYNPZ,1,0,0,0,4,1,0,DSL,1,0,1,0,0,0,Month-to-month,0,Electronic check,56.75,245.15,0
4002-BQWPQ,1,0,0,0,25,1,1,DSL,1,1,1,1,0,1,Month-to-month,0,Bank transfer (automatic),81.75,2028.8,0
5651-YLPRD,0,0,1,1,32,1,0,Fiber optic,0,1,0,0,1,0,Month-to-month,1,Electronic check,86.1,2723.75,0
2826-DXLQO,1,1,1,0,7,0,0,DSL,1,0,0,0,0,0,Month-to-month,0,Bank transfer (automatic),29.8,220.45,0
4378-BZYFP,1,0,0,0,17,1,0,No,0,0,0,0,0,0,One year,1,Mailed check,20.5,365.8,0
9489-UTFKA,1,1,1,0,8,1,0,DSL,1,0,0,0,1,0,Month-to-month,0,Bank transfer (automatic),60.9,551.95,0
4849-PYRLQ,0,1,0,0,56,1,1,DSL,1,0,1,1,0,1,Two year,0,Bank transfer (automatic),73.25,4054.2,0
9117-SHLZX,1,0,0,0,1,1,0,DSL,0,0,0,0,0,0,Month-to-month,1,Mailed check,45.7,45.7,1
9889-TMAHG,1,1,0,0,8,1,0,Fiber optic,1,0,0,1,1,1,Month-to-month,0,Credit card (automatic),100.3,832.35,1
4541-RMRLG,1,0,0,0,7,1,0,No,0,0,0,0,0,0,Month-to-month,0,Electronic check,19.25,112.3,1
7764-BDPEE,1,0,0,1,3,1,0,No,0,0,0,0,0,0,Month-to-month,0,Mailed check,20.85,60.65,0
3429-IFLEM,0,0,0,0,71,1,0,DSL,1,1,1,1,1,0,Two year,0,Credit card (automatic),77.35,5550.1,0
3158-MOERK,0,0,0,0,2,1,1,Fiber optic,0,0,0,0,1,1,Month-to-month,1,Electronic check,96,174.8,1
7294-TMAOP,0,0,0,0,1,1,0,Fiber optic,0,0,0,0,1,1,Month-to-month,0,Electronic check,90.55,90.55,1
5002-GCQFH,1,0,1,0,49,1,1,Fiber optic,1,1,0,0,1,0,Month-to-month,1,Bank transfer (automatic),93.85,4733.1,0
0556-FJEGU,1,0,0,0,58,1,0,DSL,0,1,1,1,1,0,Two year,0,Bank transfer (automatic),70.1,4048.95,0
8919-FYFQZ,1,1,1,0,44,0,0,DSL,0,1,0,0,0,0,Month-to-month,1,Electronic check,30.35,1359.7,1
0604-THJFP,0,0,1,1,59,1,0,DSL,0,1,0,1,1,1,Two year,1,Credit card (automatic),75.95,4542.35,0
2834-JRTUA,1,0,0,0,71,1,1,Fiber optic,1,0,1,1,1,1,Two year,1,Electronic check,108.05,7532.15,1
5875-YPQFJ,1,0,0,0,1,1,0,Fiber optic,0,0,0,0,0,0,Month-to-month,1,Electronic check,69.9,69.9,1
5879-SESNB,0,0,0,0,11,1,1,Fiber optic,0,0,0,0,0,0,Month-to-month,0,Electronic check,75.25,888.65,0
6646-QVXLR,1,1,1,0,62,1,1,Fiber optic,0,1,1,0,1,1,One year,1,Electronic check,103.75,6383.35,1
6461-PPAXN,0,0,1,1,35,1,0,DSL,1,0,0,1,0,0,One year,1,Bank transfer (automatic),54.95,1916,0
3318-ISQFQ,0,0,0,0,20,1,0,No,0,0,0,0,0,0,Month-to-month,1,Bank transfer (automatic),19.5,413,0
1106-HRLKZ,1,0,1,1,40,1,0,No,0,0,0,0,0,0,Two year,0,Mailed check,19.6,808.95,0
2483-XSSMZ,0,0,0,0,39,1,0,DSL,1,0,0,0,0,0,One year,1,Electronic check,47.85,1886.4,0
8603-IJWDN,1,0,0,0,1,1,1,Fiber optic,0,0,0,0,0,1,Month-to-month,1,Electronic check,86.6,86.6,1
8165-ZJRNM,0,0,1,1,72,1,1,No,0,0,0,0,0,0,Two year,0,Bank transfer (automatic),23.75,1679.25,0
9369-XFEHK,0,1,1,0,33,1,1,Fiber optic,0,1,0,0,0,0,Month-to-month,1,Bank transfer (automatic),80.6,2656.5,1
2604-XVDAM,0,0,0,0,12,1,0,DSL,0,0,0,0,0,0,Month-to-month,0,Bank transfer (automatic),43.8,540.95,0
3717-OFRTN,1,0,0,0,1,1,0,No,0,0,0,0,0,0,Month-to-month,0,Bank transfer (automatic),19.75,19.75,0
9046-JBFWA,1,0,0,1,27,1,0,No,0,0,0,0,0,0,Month-to-month,0,Mailed check,19.15,537.35,0
3280-NMUVX,1,0,1,1,34,1,0,No,0,0,0,0,0,0,One year,0,Credit card (automatic),19.6,678.8,0
1206-EHBDD,0,0,1,0,56,1,0,Fiber optic,1,0,1,0,0,0,Two year,0,Bank transfer (automatic),80.3,4513.65,0
8361-LBRDI,0,0,0,0,58,1,1,No,0,0,0,0,0,0,Two year,0,Credit card (automatic),24.35,1423.85,0
4883-KCPZJ,0,0,1,1,22,1,1,No,0,0,0,0,0,0,Two year,0,Credit card (automatic),25.25,555.4,0
9108-EQPNQ,0,0,1,1,10,1,1,No,0,0,0,0,0,0,Two year,0,Credit card (automatic),26.1,225.55,0
7277-KAMWT,1,0,0,0,13,1,0,No,0,0,0,0,0,0,Two year,0,Credit card (automatic),20,268.45,0
3842-IYKUE,0,0,0,0,35,1,1,Fiber optic,0,1,0,1,0,0,Month-to-month,0,Credit card (automatic),85.3,2917.5,1
6641-XRPSU,0,0,0,0,34,1,0,Fiber optic,0,0,0,0,0,0,Month-to-month,1,Credit card (automatic),70,2416.1,1
1374-DMZUI,0,1,0,0,4,1,1,Fiber optic,0,0,0,0,1,1,Month-to-month,1,Electronic check,94.3,424.45,1
2545-LXYVJ,1,0,1,0,72,1,0,No,0,0,0,0,0,0,Two year,0,Bank transfer (automatic),20.7,1492.1,0
3234-VKACU,1,0,0,0,2,1,0,DSL,0,0,0,1,1,1,Month-to-month,0,Electronic check,70.3,132.4,0
